번호,candidate_id,canonical_id,한국어명,영문명,category,subcategory,district,address,현재이미지,최종상태,HOLD이유,source,source_url,후속해결방법
1,busan-F-00251,busan-F-00251,은하갈비,Eunha galbi,restaurant,,동구,부산광역시 동구 초량중로 86,False,HOLD_BROWSER_ENV_REQUIRED,VisitBusan listing pages are JavaScript-rendered (HTTP returns nav shell). VisitBusan detail pages are HTTP_HTML_ACCESSI,VisitBusan (visitbusan.net),,VisitBusan browser-rendered listing crosswalk required (Playwright/Selenium)
2,busan-F-00253,busan-F-00253,기장손칼국수, Gijangson kalguksu,restaurant,,부산진구,부산 부산진구 서면로 56 (부전동),False,HOLD_BROWSER_ENV_REQUIRED,VisitBusan listing pages are JavaScript-rendered (HTTP returns nav shell). VisitBusan detail pages are HTTP_HTML_ACCESSI,VisitBusan (visitbusan.net),,VisitBusan browser-rendered listing crosswalk required (Playwright/Selenium)
3,busan-F-00255,busan-F-00255,삼오불고기,Samo bulgogi,restaurant,,수영구,부산 수영구 수영로610번길 24-2 (광안동),False,HOLD_BROWSER_ENV_REQUIRED,VisitBusan listing pages are JavaScript-rendered (HTTP returns nav shell). VisitBusan detail pages are HTTP_HTML_ACCESSI,VisitBusan (visitbusan.net),,VisitBusan browser-rendered listing crosswalk required (Playwright/Selenium)
4,busan-F-00256,busan-F-00256,언양불고기부산집,Eonyang bulgogi busanjip,restaurant,,수영구,부산 수영구 남천바다로 32 (남천동),False,HOLD_BROWSER_ENV_REQUIRED,VisitBusan listing pages are JavaScript-rendered (HTTP returns nav shell). VisitBusan detail pages are HTTP_HTML_ACCESSI,VisitBusan (visitbusan.net),,VisitBusan browser-rendered listing crosswalk required (Playwright/Selenium)
5,busan-F-00259,busan-F-00259,새총횟집,Saechong hoetjip,restaurant,,해운대구,부산 해운대구 반여로155번길 25 (반여동),False,HOLD_BROWSER_ENV_REQUIRED,VisitBusan listing pages are JavaScript-rendered (HTTP returns nav shell). VisitBusan detail pages are HTTP_HTML_ACCESSI,VisitBusan (visitbusan.net),,VisitBusan browser-rendered listing crosswalk required (Playwright/Selenium)
6,busan-F-00260,busan-F-00260,초필살돼지구이,Chopilsal dwaejigui,restaurant,,해운대구,부산 해운대구 마린시티3로 23 (우동),False,HOLD_BROWSER_ENV_REQUIRED,VisitBusan listing pages are JavaScript-rendered (HTTP returns nav shell). VisitBusan detail pages are HTTP_HTML_ACCESSI,VisitBusan (visitbusan.net),,VisitBusan browser-rendered listing crosswalk required (Playwright/Selenium)
7,busan-F-00262,busan-F-00262,부다면옥,Budamyeonok,restaurant,,해운대구,부산 해운대구 중동1로 36 (중동),False,HOLD_BROWSER_ENV_REQUIRED,VisitBusan listing pages are JavaScript-rendered (HTTP returns nav shell). VisitBusan detail pages are HTTP_HTML_ACCESSI,VisitBusan (visitbusan.net),,VisitBusan browser-rendered listing crosswalk required (Playwright/Selenium)
8,busan-F-00264,busan-F-00264,영남돼지,Yeongnam dwaeji,restaurant,,해운대구,부산 해운대구 해운대해변로209번가길 13 (우동),False,HOLD_BROWSER_ENV_REQUIRED,VisitBusan listing pages are JavaScript-rendered (HTTP returns nav shell). VisitBusan detail pages are HTTP_HTML_ACCESSI,VisitBusan (visitbusan.net),,VisitBusan browser-rendered listing crosswalk required (Playwright/Selenium)
9,busan-F-00269,busan-F-00269,산동완탕교자관, Sandong Wantang gyojagwan,restaurant,,동구,부산 동구 중앙대로248번길 3-11 (초량동),False,HOLD_BROWSER_ENV_REQUIRED,VisitBusan listing pages are JavaScript-rendered (HTTP returns nav shell). VisitBusan detail pages are HTTP_HTML_ACCESSI,VisitBusan (visitbusan.net),,VisitBusan browser-rendered listing crosswalk required (Playwright/Selenium)
10,busan-F-00273,busan-F-00273,스시시안,Sushi sian,restaurant,,해운대구,부산 해운대구 센텀1로 9 (우동),False,HOLD_BROWSER_ENV_REQUIRED,VisitBusan listing pages are JavaScript-rendered (HTTP returns nav shell). VisitBusan detail pages are HTTP_HTML_ACCESSI,VisitBusan (visitbusan.net),,VisitBusan browser-rendered listing crosswalk required (Playwright/Selenium)
11,busan-F-00275,busan-F-00275,야키토리해공,YAKITORI Haegong,restaurant,,수영구,부산 수영구 민락본동로19번길 30-5 (민락동),False,HOLD_BROWSER_ENV_REQUIRED,VisitBusan listing pages are JavaScript-rendered (HTTP returns nav shell). VisitBusan detail pages are HTTP_HTML_ACCESSI,VisitBusan (visitbusan.net),,VisitBusan browser-rendered listing crosswalk required (Playwright/Selenium)
12,busan-F-00278,busan-F-00278,라꽁띠,La ConTi,restaurant,,해운대구,부산 해운대구 청사포로 85 (중동),False,HOLD_BROWSER_ENV_REQUIRED,VisitBusan listing pages are JavaScript-rendered (HTTP returns nav shell). VisitBusan detail pages are HTTP_HTML_ACCESSI,VisitBusan (visitbusan.net),,VisitBusan browser-rendered listing crosswalk required (Playwright/Selenium)
13,busan-F-00279,busan-F-00279,리오네,Rione,restaurant,,수영구,부산 수영구 구락로 36 (수영동),False,HOLD_BROWSER_ENV_REQUIRED,VisitBusan listing pages are JavaScript-rendered (HTTP returns nav shell). VisitBusan detail pages are HTTP_HTML_ACCESSI,VisitBusan (visitbusan.net),,VisitBusan browser-rendered listing crosswalk required (Playwright/Selenium)
14,busan-F-00281,busan-F-00281,음주양식당오스테리아어부,Osteria Aboo,restaurant,,해운대구,부산 해운대구 해운대로570번길 23 더세일링타워 3층,False,HOLD_BROWSER_ENV_REQUIRED,VisitBusan listing pages are JavaScript-rendered (HTTP returns nav shell). VisitBusan detail pages are HTTP_HTML_ACCESSI,VisitBusan (visitbusan.net),,VisitBusan browser-rendered listing crosswalk required (Playwright/Selenium)
15,busan-F-00282,busan-F-00282,이재모피자,Lee Jae-mo Pizza,restaurant,,중구,부산 중구 광복중앙로 31 (신창동1가),False,HOLD_BROWSER_ENV_REQUIRED,VisitBusan listing pages are JavaScript-rendered (HTTP returns nav shell). VisitBusan detail pages are HTTP_HTML_ACCESSI,VisitBusan (visitbusan.net),,VisitBusan browser-rendered listing crosswalk required (Playwright/Selenium)
16,busan-F-00285,busan-F-00285,달타이,DAL THAI,restaurant,,해운대구,부산 해운대구 달맞이길 193 (중동),False,HOLD_BROWSER_ENV_REQUIRED,VisitBusan listing pages are JavaScript-rendered (HTTP returns nav shell). VisitBusan detail pages are HTTP_HTML_ACCESSI,VisitBusan (visitbusan.net),,VisitBusan browser-rendered listing crosswalk required (Playwright/Selenium)
17,busan-F-00288,busan-F-00288,거북선횟집,Geobukseon hoetjip,restaurant,,해운대구,부산 해운대구 달맞이길62번길 69 (중동),False,HOLD_BROWSER_ENV_REQUIRED,VisitBusan listing pages are JavaScript-rendered (HTTP returns nav shell). VisitBusan detail pages are HTTP_HTML_ACCESSI,VisitBusan (visitbusan.net),,VisitBusan browser-rendered listing crosswalk required (Playwright/Selenium)
18,busan-F-00289,busan-F-00289,고스락,Goseurak,restaurant,,기장군,부산 기장군 장안읍 해맞이로 286,False,HOLD_BROWSER_ENV_REQUIRED,VisitBusan listing pages are JavaScript-rendered (HTTP returns nav shell). VisitBusan detail pages are HTTP_HTML_ACCESSI,VisitBusan (visitbusan.net),,VisitBusan browser-rendered listing crosswalk required (Playwright/Selenium)
19,busan-F-00290,busan-F-00290,규우정,Gyuujeong,restaurant,,해운대구,부산 해운대구 달맞이길 129 (중동),False,HOLD_BROWSER_ENV_REQUIRED,VisitBusan listing pages are JavaScript-rendered (HTTP returns nav shell). VisitBusan detail pages are HTTP_HTML_ACCESSI,VisitBusan (visitbusan.net),,VisitBusan browser-rendered listing crosswalk required (Playwright/Selenium)
20,busan-F-00292,busan-F-00292,뉼리,NEWLY,restaurant,,수영구,부산 수영구 민락수변로 7 (민락동),False,HOLD_BROWSER_ENV_REQUIRED,VisitBusan listing pages are JavaScript-rendered (HTTP returns nav shell). VisitBusan detail pages are HTTP_HTML_ACCESSI,VisitBusan (visitbusan.net),,VisitBusan browser-rendered listing crosswalk required (Playwright/Selenium)
21,busan-F-00297,busan-F-00297,칠성횟집,Chilseong hoetjip,restaurant,,수영구,부산 수영구 광안해변로 263 (민락동),False,HOLD_BROWSER_ENV_REQUIRED,VisitBusan listing pages are JavaScript-rendered (HTTP returns nav shell). VisitBusan detail pages are HTTP_HTML_ACCESSI,VisitBusan (visitbusan.net),,VisitBusan browser-rendered listing crosswalk required (Playwright/Selenium)
22,busan-F-00305,busan-F-00305,셔블,Sheobul,restaurant,,해운대구,부산 해운대구 동백로 67 (우동),False,HOLD_BROWSER_ENV_REQUIRED,VisitBusan listing pages are JavaScript-rendered (HTTP returns nav shell). VisitBusan detail pages are HTTP_HTML_ACCESSI,VisitBusan (visitbusan.net),,VisitBusan browser-rendered listing crosswalk required (Playwright/Selenium)
23,busan-F-00307,busan-F-00307,아오모리,AOMORI,restaurant,,해운대구,부산 해운대구 센텀3로 20 (우동),False,HOLD_BROWSER_ENV_REQUIRED,VisitBusan listing pages are JavaScript-rendered (HTTP returns nav shell). VisitBusan detail pages are HTTP_HTML_ACCESSI,VisitBusan (visitbusan.net),,VisitBusan browser-rendered listing crosswalk required (Playwright/Selenium)
24,busan-F-00309,busan-F-00309,차오란,CHAORAN,restaurant,,해운대구,부산 해운대구 달맞이길 30 (중동),False,HOLD_BROWSER_ENV_REQUIRED,VisitBusan listing pages are JavaScript-rendered (HTTP returns nav shell). VisitBusan detail pages are HTTP_HTML_ACCESSI,VisitBusan (visitbusan.net),,VisitBusan browser-rendered listing crosswalk required (Playwright/Selenium)
25,busan-F-00310,busan-F-00310,팔레드신,PALAIS DE CHINE,restaurant,,해운대구,부산 해운대구 해운대해변로 292 (중동),False,HOLD_BROWSER_ENV_REQUIRED,VisitBusan listing pages are JavaScript-rendered (HTTP returns nav shell). VisitBusan detail pages are HTTP_HTML_ACCESSI,VisitBusan (visitbusan.net),,VisitBusan browser-rendered listing crosswalk required (Playwright/Selenium)
26,busan-F-00315,busan-F-00315,구포촌국수,Gupochonguksu,restaurant,,금정구,부산 금정구 금샘로 490 (남산동),False,HOLD_BROWSER_ENV_REQUIRED,VisitBusan listing pages are JavaScript-rendered (HTTP returns nav shell). VisitBusan detail pages are HTTP_HTML_ACCESSI,VisitBusan (visitbusan.net),,VisitBusan browser-rendered listing crosswalk required (Playwright/Selenium)
27,busan-F-00317,busan-F-00317,금용,Geumyong,restaurant,,북구,부산 북구 구포만세길 75 (구포동),False,HOLD_BROWSER_ENV_REQUIRED,VisitBusan listing pages are JavaScript-rendered (HTTP returns nav shell). VisitBusan detail pages are HTTP_HTML_ACCESSI,VisitBusan (visitbusan.net),,VisitBusan browser-rendered listing crosswalk required (Playwright/Selenium)
28,busan-F-00318,busan-F-00318,기장곰장어,Gijang gomjangeo,restaurant,,기장군,부산 기장군 기장읍 기장해안로 70,False,HOLD_BROWSER_ENV_REQUIRED,VisitBusan listing pages are JavaScript-rendered (HTTP returns nav shell). VisitBusan detail pages are HTTP_HTML_ACCESSI,VisitBusan (visitbusan.net),,VisitBusan browser-rendered listing crosswalk required (Playwright/Selenium)
29,busan-F-00326,busan-F-00326,새진주식당,Saejinju sikdang,restaurant,,중구,부산광역시 중구 흑교로 60 (보수동1가),False,HOLD_BROWSER_ENV_REQUIRED,VisitBusan listing pages are JavaScript-rendered (HTTP returns nav shell). VisitBusan detail pages are HTTP_HTML_ACCESSI,VisitBusan (visitbusan.net),,VisitBusan browser-rendered listing crosswalk required (Playwright/Selenium)
30,busan-F-00328,busan-F-00328,송정3대국밥,Songjeong samdae gukbap,restaurant,,부산진구,부산 부산진구 서면로68번길 33 (부전동),False,HOLD_BROWSER_ENV_REQUIRED,VisitBusan listing pages are JavaScript-rendered (HTTP returns nav shell). VisitBusan detail pages are HTTP_HTML_ACCESSI,VisitBusan (visitbusan.net),,VisitBusan browser-rendered listing crosswalk required (Playwright/Selenium)
31,busan-F-00333,busan-F-00333,원조할매낙지,Wonjo halmaenakji,restaurant,,부산진구,부산 부산진구 골드테마길 10 (범천동),False,HOLD_BROWSER_ENV_REQUIRED,VisitBusan listing pages are JavaScript-rendered (HTTP returns nav shell). VisitBusan detail pages are HTTP_HTML_ACCESSI,VisitBusan (visitbusan.net),,VisitBusan browser-rendered listing crosswalk required (Playwright/Selenium)
32,busan-F-00336,busan-F-00336,할매재첩국,Halmae jaecheopguk,restaurant,,사상구,부산 사상구 낙동대로1530번길 20-15 (삼락동),False,HOLD_BROWSER_ENV_REQUIRED,VisitBusan listing pages are JavaScript-rendered (HTTP returns nav shell). VisitBusan detail pages are HTTP_HTML_ACCESSI,VisitBusan (visitbusan.net),,VisitBusan browser-rendered listing crosswalk required (Playwright/Selenium)
33,busan-F-00338,busan-F-00338,레망파티쓰리,lesmains patisserie,restaurant,,동래구,부산 동래구 온천천로471번가길 38 (안락동),False,HOLD_BROWSER_ENV_REQUIRED,VisitBusan listing pages are JavaScript-rendered (HTTP returns nav shell). VisitBusan detail pages are HTTP_HTML_ACCESSI,VisitBusan (visitbusan.net),,VisitBusan browser-rendered listing crosswalk required (Playwright/Selenium)
34,busan-F-00342,busan-F-00342,브레드365,bread365,restaurant,,남구,부산 남구 못골로41번길 13 (대연동),False,HOLD_BROWSER_ENV_REQUIRED,VisitBusan listing pages are JavaScript-rendered (HTTP returns nav shell). VisitBusan detail pages are HTTP_HTML_ACCESSI,VisitBusan (visitbusan.net),,VisitBusan browser-rendered listing crosswalk required (Playwright/Selenium)
35,busan-F-00344,busan-F-00344,옵스,Ops,restaurant,,수영구,부산 수영구 황령대로489번길 37 (남천동),False,HOLD_BROWSER_ENV_REQUIRED,VisitBusan listing pages are JavaScript-rendered (HTTP returns nav shell). VisitBusan detail pages are HTTP_HTML_ACCESSI,VisitBusan (visitbusan.net),,VisitBusan browser-rendered listing crosswalk required (Playwright/Selenium)
36,busan-F-00349,busan-F-00349,쥬가정효,Jyugajeonghyo,restaurant,,해운대구,부산 해운대구 해운대로 620 (우동) 해운대 라뮤에뜨 3층,False,HOLD_BROWSER_ENV_REQUIRED,VisitBusan listing pages are JavaScript-rendered (HTTP returns nav shell). VisitBusan detail pages are HTTP_HTML_ACCESSI,VisitBusan (visitbusan.net),,VisitBusan browser-rendered listing crosswalk required (Playwright/Selenium)
37,busan-F-00350,busan-F-00350,톤쇼우,Ton shou,restaurant,,수영구,부산 수영구 광안해변로279번길 13 (민락동),False,HOLD_BROWSER_ENV_REQUIRED,VisitBusan listing pages are JavaScript-rendered (HTTP returns nav shell). VisitBusan detail pages are HTTP_HTML_ACCESSI,VisitBusan (visitbusan.net),,VisitBusan browser-rendered listing crosswalk required (Playwright/Selenium)
38,busan-K-00005,busan-K-00005,25의용단,,attraction,,수영구,부산광역시 수영구 연수로379번길 42,False,HOLD_BROWSER_ENV_REQUIRED,VisitBusan listing pages are JavaScript-rendered (HTTP returns nav shell). VisitBusan detail pages are HTTP_HTML_ACCESSI,VisitBusan (visitbusan.net),,VisitBusan browser-rendered listing crosswalk required (Playwright/Selenium)
39,busan-K-00035,busan-K-00035,사상문화원,,attraction,,사상구,부산광역시 사상구 가야대로196번길 51,False,HOLD_BROWSER_ENV_REQUIRED,VisitBusan listing pages are JavaScript-rendered (HTTP returns nav shell). VisitBusan detail pages are HTTP_HTML_ACCESSI,VisitBusan (visitbusan.net),,VisitBusan browser-rendered listing crosswalk required (Playwright/Selenium)
40,busan-K-00052,busan-K-00052,함지골청소년수련관,,attraction,,영도구,부산광역시 영도구 절영로 321,False,HOLD_BROWSER_ENV_REQUIRED,VisitBusan listing pages are JavaScript-rendered (HTTP returns nav shell). VisitBusan detail pages are HTTP_HTML_ACCESSI,VisitBusan (visitbusan.net),,VisitBusan browser-rendered listing crosswalk required (Playwright/Selenium)
41,busan-K-00053,busan-K-00053,영도관광실탄사격장,,attraction,,영도구,부산광역시 영도구 절영로 319,False,HOLD_BROWSER_ENV_REQUIRED,VisitBusan listing pages are JavaScript-rendered (HTTP returns nav shell). VisitBusan detail pages are HTTP_HTML_ACCESSI,VisitBusan (visitbusan.net),,VisitBusan browser-rendered listing crosswalk required (Playwright/Selenium)
42,busan-K-00068,busan-K-00068,18번완당집,,restaurant,,중구,부산광역시 중구 비프광장로 31,False,HOLD_BROWSER_ENV_REQUIRED,VisitBusan listing pages are JavaScript-rendered (HTTP returns nav shell). VisitBusan detail pages are HTTP_HTML_ACCESSI,VisitBusan (visitbusan.net),,VisitBusan browser-rendered listing crosswalk required (Playwright/Selenium)
43,busan-K-00070,busan-K-00070,대궐안집,,restaurant,,사상구,부산광역시 사상구 광장로 68,False,HOLD_BROWSER_ENV_REQUIRED,VisitBusan listing pages are JavaScript-rendered (HTTP returns nav shell). VisitBusan detail pages are HTTP_HTML_ACCESSI,VisitBusan (visitbusan.net),,VisitBusan browser-rendered listing crosswalk required (Playwright/Selenium)
44,busan-K-00072,busan-K-00072,원조소문난산곰장어,,restaurant,,동래구,부산광역시 동래구 금강공원로26번길 34,False,HOLD_BROWSER_ENV_REQUIRED,VisitBusan listing pages are JavaScript-rendered (HTTP returns nav shell). VisitBusan detail pages are HTTP_HTML_ACCESSI,VisitBusan (visitbusan.net),,VisitBusan browser-rendered listing crosswalk required (Playwright/Selenium)
45,busan-K-00073,busan-K-00073,금문,,restaurant,,동래구,부산광역시 동래구 온천장로119번길 57,False,HOLD_BROWSER_ENV_REQUIRED,VisitBusan listing pages are JavaScript-rendered (HTTP returns nav shell). VisitBusan detail pages are HTTP_HTML_ACCESSI,VisitBusan (visitbusan.net),,VisitBusan browser-rendered listing crosswalk required (Playwright/Selenium)
46,busan-K-00074,busan-K-00074,산성청송가든,,restaurant,,금정구,부산광역시 금정구 산성로 516,False,HOLD_BROWSER_ENV_REQUIRED,VisitBusan listing pages are JavaScript-rendered (HTTP returns nav shell). VisitBusan detail pages are HTTP_HTML_ACCESSI,VisitBusan (visitbusan.net),,VisitBusan browser-rendered listing crosswalk required (Playwright/Selenium)
47,busan-K-00075,busan-K-00075,구덕민속촌,,restaurant,,사상구,부산광역시 사상구 학감대로39번안길 15-17,False,HOLD_BROWSER_ENV_REQUIRED,VisitBusan listing pages are JavaScript-rendered (HTTP returns nav shell). VisitBusan detail pages are HTTP_HTML_ACCESSI,VisitBusan (visitbusan.net),,VisitBusan browser-rendered listing crosswalk required (Playwright/Selenium)
48,busan-K-00102,busan-K-00102,토비코,,restaurant,,금정구,부산광역시 금정구 금정로 45,False,HOLD_BROWSER_ENV_REQUIRED,VisitBusan listing pages are JavaScript-rendered (HTTP returns nav shell). VisitBusan detail pages are HTTP_HTML_ACCESSI,VisitBusan (visitbusan.net),,VisitBusan browser-rendered listing crosswalk required (Playwright/Selenium)
49,busan-K-00109,busan-K-00109,아미산,,restaurant,,해운대구,부산광역시 해운대구 해운대해변로 154,False,HOLD_BROWSER_ENV_REQUIRED,VisitBusan listing pages are JavaScript-rendered (HTTP returns nav shell). VisitBusan detail pages are HTTP_HTML_ACCESSI,VisitBusan (visitbusan.net),,VisitBusan browser-rendered listing crosswalk required (Playwright/Selenium)
50,busan-K-00117,busan-K-00117,급행장,,restaurant,,부산진구,부산광역시 부산진구 서면문화로 4,False,HOLD_BROWSER_ENV_REQUIRED,VisitBusan listing pages are JavaScript-rendered (HTTP returns nav shell). VisitBusan detail pages are HTTP_HTML_ACCESSI,VisitBusan (visitbusan.net),,VisitBusan browser-rendered listing crosswalk required (Playwright/Selenium)
51,busan-K-00119,busan-K-00119,다원,,restaurant,,부산진구,부산광역시 부산진구 서면문화로 23-1,False,HOLD_BROWSER_ENV_REQUIRED,VisitBusan listing pages are JavaScript-rendered (HTTP returns nav shell). VisitBusan detail pages are HTTP_HTML_ACCESSI,VisitBusan (visitbusan.net),,VisitBusan browser-rendered listing crosswalk required (Playwright/Selenium)
52,busan-K-00120,busan-K-00120,명수정,,restaurant,,금정구,부산광역시 금정구 구서로 23,False,HOLD_BROWSER_ENV_REQUIRED,VisitBusan listing pages are JavaScript-rendered (HTTP returns nav shell). VisitBusan detail pages are HTTP_HTML_ACCESSI,VisitBusan (visitbusan.net),,VisitBusan browser-rendered listing crosswalk required (Playwright/Selenium)
53,busan-K-00121,busan-K-00121,조방본가낙지,,restaurant,,부산진구,부산광역시 부산진구 골드테마길 2-13,False,HOLD_BROWSER_ENV_REQUIRED,VisitBusan listing pages are JavaScript-rendered (HTTP returns nav shell). VisitBusan detail pages are HTTP_HTML_ACCESSI,VisitBusan (visitbusan.net),,VisitBusan browser-rendered listing crosswalk required (Playwright/Selenium)
54,busan-K-00122,busan-K-00122,오사카,,restaurant,,사하구,부산광역시 사하구 낙동대로324번길 2,False,HOLD_BROWSER_ENV_REQUIRED,VisitBusan listing pages are JavaScript-rendered (HTTP returns nav shell). VisitBusan detail pages are HTTP_HTML_ACCESSI,VisitBusan (visitbusan.net),,VisitBusan browser-rendered listing crosswalk required (Playwright/Selenium)
55,busan-K-00123,busan-K-00123,외식1번가,,restaurant,,해운대구,부산광역시 해운대구 해운대로 425,False,HOLD_BROWSER_ENV_REQUIRED,VisitBusan listing pages are JavaScript-rendered (HTTP returns nav shell). VisitBusan detail pages are HTTP_HTML_ACCESSI,VisitBusan (visitbusan.net),,VisitBusan browser-rendered listing crosswalk required (Playwright/Selenium)
56,busan-K-00124,busan-K-00124,용궁해물야채쟁반짜장,,restaurant,,기장군,부산광역시 기장군 기장읍 기장해안로 208,False,HOLD_BROWSER_ENV_REQUIRED,VisitBusan listing pages are JavaScript-rendered (HTTP returns nav shell). VisitBusan detail pages are HTTP_HTML_ACCESSI,VisitBusan (visitbusan.net),,VisitBusan browser-rendered listing crosswalk required (Playwright/Selenium)
57,busan-K-00125,busan-K-00125,원조 범일동 매떡,,restaurant,,부산진구,부산광역시 부산진구 골드테마길 52-2,False,HOLD_BROWSER_ENV_REQUIRED,VisitBusan listing pages are JavaScript-rendered (HTTP returns nav shell). VisitBusan detail pages are HTTP_HTML_ACCESSI,VisitBusan (visitbusan.net),,VisitBusan browser-rendered listing crosswalk required (Playwright/Selenium)
58,busan-K-00126,busan-K-00126,장성향,,restaurant,,동구,부산광역시 동구 대영로243번길 29,False,HOLD_BROWSER_ENV_REQUIRED,VisitBusan listing pages are JavaScript-rendered (HTTP returns nav shell). VisitBusan detail pages are HTTP_HTML_ACCESSI,VisitBusan (visitbusan.net),,VisitBusan browser-rendered listing crosswalk required (Playwright/Selenium)
59,busan-K-00128,busan-K-00128,상국이네,,restaurant,,해운대구,부산광역시 해운대구 구남로41번길 40-1,False,HOLD_BROWSER_ENV_REQUIRED,VisitBusan listing pages are JavaScript-rendered (HTTP returns nav shell). VisitBusan detail pages are HTTP_HTML_ACCESSI,VisitBusan (visitbusan.net),,VisitBusan browser-rendered listing crosswalk required (Playwright/Selenium)
60,busan-K-00130,busan-K-00130,문화쌈밥,,restaurant,,남구,부산광역시 남구 유엔평화로 72,False,HOLD_BROWSER_ENV_REQUIRED,VisitBusan listing pages are JavaScript-rendered (HTTP returns nav shell). VisitBusan detail pages are HTTP_HTML_ACCESSI,VisitBusan (visitbusan.net),,VisitBusan browser-rendered listing crosswalk required (Playwright/Selenium)
61,busan-K-00131,busan-K-00131,일품한우,Ilpum Hanwoo (일품한우),restaurant,,해운대구,부산광역시 해운대구 해운대로570번길 49,False,HOLD_BROWSER_ENV_REQUIRED,VisitBusan listing pages are JavaScript-rendered (HTTP returns nav shell). VisitBusan detail pages are HTTP_HTML_ACCESSI,VisitBusan (visitbusan.net),,VisitBusan browser-rendered listing crosswalk required (Playwright/Selenium)
62,busan-K-00150,busan-K-00150,초원농원,,restaurant,,사상구,부산광역시 사상구 낙동대로 1498 주식회사 국제식품,False,HOLD_BROWSER_ENV_REQUIRED,VisitBusan listing pages are JavaScript-rendered (HTTP returns nav shell). VisitBusan detail pages are HTTP_HTML_ACCESSI,VisitBusan (visitbusan.net),,VisitBusan browser-rendered listing crosswalk required (Playwright/Selenium)
63,busan-K-00169,busan-K-00169,일번지자갈치산곰장어,,restaurant,,해운대구,부산광역시 해운대구 구남로41번길 12,False,HOLD_BROWSER_ENV_REQUIRED,VisitBusan listing pages are JavaScript-rendered (HTTP returns nav shell). VisitBusan detail pages are HTTP_HTML_ACCESSI,VisitBusan (visitbusan.net),,VisitBusan browser-rendered listing crosswalk required (Playwright/Selenium)
64,busan-K-00170,busan-K-00170,해동횟집,,restaurant,,기장군,부산광역시 기장군 기장읍 기장해안로 603,False,HOLD_BROWSER_ENV_REQUIRED,VisitBusan listing pages are JavaScript-rendered (HTTP returns nav shell). VisitBusan detail pages are HTTP_HTML_ACCESSI,VisitBusan (visitbusan.net),,VisitBusan browser-rendered listing crosswalk required (Playwright/Selenium)
65,busan-K-00171,busan-K-00171,수민이네,,restaurant,,해운대구,부산광역시 해운대구 청사포로58번길 118,False,HOLD_BROWSER_ENV_REQUIRED,VisitBusan listing pages are JavaScript-rendered (HTTP returns nav shell). VisitBusan detail pages are HTTP_HTML_ACCESSI,VisitBusan (visitbusan.net),,VisitBusan browser-rendered listing crosswalk required (Playwright/Selenium)
66,busan-K-00173,busan-K-00173,아델라7,,restaurant,,해운대구,부산광역시 해운대구 좌동로 111,False,HOLD_BROWSER_ENV_REQUIRED,VisitBusan listing pages are JavaScript-rendered (HTTP returns nav shell). VisitBusan detail pages are HTTP_HTML_ACCESSI,VisitBusan (visitbusan.net),,VisitBusan browser-rendered listing crosswalk required (Playwright/Selenium)
67,busan-K-00175,busan-K-00175,부전돼지국밥,,restaurant,,사상구,부산광역시 사상구 사상로 214,False,HOLD_BROWSER_ENV_REQUIRED,VisitBusan listing pages are JavaScript-rendered (HTTP returns nav shell). VisitBusan detail pages are HTTP_HTML_ACCESSI,VisitBusan (visitbusan.net),,VisitBusan browser-rendered listing crosswalk required (Playwright/Selenium)
68,busan-K-00227,busan-K-00227,오막집,,restaurant,,해운대구,부산광역시 해운대구 해운대해변로209번나길 28,False,HOLD_BROWSER_ENV_REQUIRED,VisitBusan listing pages are JavaScript-rendered (HTTP returns nav shell). VisitBusan detail pages are HTTP_HTML_ACCESSI,VisitBusan (visitbusan.net),,VisitBusan browser-rendered listing crosswalk required (Playwright/Selenium)
69,busan-K-00239,busan-K-00239,[백년가게]옥미아구찜,,restaurant,,수영구,부산광역시 수영구 망미번영로55번길 35,False,HOLD_BROWSER_ENV_REQUIRED,VisitBusan listing pages are JavaScript-rendered (HTTP returns nav shell). VisitBusan detail pages are HTTP_HTML_ACCESSI,VisitBusan (visitbusan.net),,VisitBusan browser-rendered listing crosswalk required (Playwright/Selenium)
70,busan-K-00255,busan-K-00255,그림하우스,,accommodation,,해운대구,부산광역시 해운대구 송정구덕포길 64,False,HOLD_BROWSER_ENV_REQUIRED,VisitBusan listing pages are JavaScript-rendered (HTTP returns nav shell). VisitBusan detail pages are HTTP_HTML_ACCESSI,VisitBusan (visitbusan.net),,VisitBusan browser-rendered listing crosswalk required (Playwright/Selenium)
71,busan-K-00256,busan-K-00256,팝콘 호스텔 해운대점,,accommodation,,해운대구,부산광역시 해운대구 해운대해변로 321,False,HOLD_BROWSER_ENV_REQUIRED,VisitBusan listing pages are JavaScript-rendered (HTTP returns nav shell). VisitBusan detail pages are HTTP_HTML_ACCESSI,VisitBusan (visitbusan.net),,VisitBusan browser-rendered listing crosswalk required (Playwright/Selenium)
72,busan-K-00264,busan-K-00264,싱글싱글,,accommodation,,동구,부산광역시 동구 초량중로 18-1,False,HOLD_BROWSER_ENV_REQUIRED,VisitBusan listing pages are JavaScript-rendered (HTTP returns nav shell). VisitBusan detail pages are HTTP_HTML_ACCESSI,VisitBusan (visitbusan.net),,VisitBusan browser-rendered listing crosswalk required (Playwright/Selenium)
73,busan-K-00265,busan-K-00265,캔버스,,accommodation,,해운대구,부산광역시 해운대구 해운대해변로197번길 13,False,HOLD_BROWSER_ENV_REQUIRED,VisitBusan listing pages are JavaScript-rendered (HTTP returns nav shell). VisitBusan detail pages are HTTP_HTML_ACCESSI,VisitBusan (visitbusan.net),,VisitBusan browser-rendered listing crosswalk required (Playwright/Selenium)
74,busan-K-00266,busan-K-00266,The Park Guest House,,accommodation,,수영구,부산광역시 수영구 광남로 151,False,HOLD_BROWSER_ENV_REQUIRED,VisitBusan listing pages are JavaScript-rendered (HTTP returns nav shell). VisitBusan detail pages are HTTP_HTML_ACCESSI,VisitBusan (visitbusan.net),,VisitBusan browser-rendered listing crosswalk required (Playwright/Selenium)
75,busan-K-00267,busan-K-00267,그랜드애플,,restaurant,,해운대구,부산광역시 해운대구 센텀1로 25,False,HOLD_BROWSER_ENV_REQUIRED,VisitBusan listing pages are JavaScript-rendered (HTTP returns nav shell). VisitBusan detail pages are HTTP_HTML_ACCESSI,VisitBusan (visitbusan.net),,VisitBusan browser-rendered listing crosswalk required (Playwright/Selenium)
76,busan-K-00280,busan-K-00280,캔버스 블랙,,accommodation,,해운대구,부산광역시 해운대구 해운대해변로197번길 14,False,HOLD_BROWSER_ENV_REQUIRED,VisitBusan listing pages are JavaScript-rendered (HTTP returns nav shell). VisitBusan detail pages are HTTP_HTML_ACCESSI,VisitBusan (visitbusan.net),,VisitBusan browser-rendered listing crosswalk required (Playwright/Selenium)
77,busan-K-00281,busan-K-00281,수변최고돼지국밥 민락본점,,restaurant,,수영구,부산광역시 수영구 광안해변로370번길 9-32,False,HOLD_BROWSER_ENV_REQUIRED,VisitBusan listing pages are JavaScript-rendered (HTTP returns nav shell). VisitBusan detail pages are HTTP_HTML_ACCESSI,VisitBusan (visitbusan.net),,VisitBusan browser-rendered listing crosswalk required (Playwright/Selenium)
78,busan-K-00289,busan-K-00289,브로시스 호텔,,accommodation,,중구,부산광역시 중구 구덕로48번길 4,False,HOLD_BROWSER_ENV_REQUIRED,VisitBusan listing pages are JavaScript-rendered (HTTP returns nav shell). VisitBusan detail pages are HTTP_HTML_ACCESSI,VisitBusan (visitbusan.net),,VisitBusan browser-rendered listing crosswalk required (Playwright/Selenium)
79,busan-K-00290,busan-K-00290,JSTAY,,accommodation,,수영구,부산광역시 수영구 남천바다로 31-1,False,HOLD_BROWSER_ENV_REQUIRED,VisitBusan listing pages are JavaScript-rendered (HTTP returns nav shell). VisitBusan detail pages are HTTP_HTML_ACCESSI,VisitBusan (visitbusan.net),,VisitBusan browser-rendered listing crosswalk required (Playwright/Selenium)
80,busan-K-00291,busan-K-00291,더웨이브,,accommodation,,수영구,부산광역시 수영구 민락수변로 9,False,HOLD_BROWSER_ENV_REQUIRED,VisitBusan listing pages are JavaScript-rendered (HTTP returns nav shell). VisitBusan detail pages are HTTP_HTML_ACCESSI,VisitBusan (visitbusan.net),,VisitBusan browser-rendered listing crosswalk required (Playwright/Selenium)
81,busan-K-00292,busan-K-00292,옐로우라이트하우스,,accommodation,,수영구,부산광역시 수영구 광안해변로370번길 9-32,False,HOLD_BROWSER_ENV_REQUIRED,VisitBusan listing pages are JavaScript-rendered (HTTP returns nav shell). VisitBusan detail pages are HTTP_HTML_ACCESSI,VisitBusan (visitbusan.net),,VisitBusan browser-rendered listing crosswalk required (Playwright/Selenium)
82,busan-K-00321,busan-K-00321,임랑카라반파크,,nature,,기장군,부산광역시 기장군 일광면 일광로 763,False,HOLD_BROWSER_ENV_REQUIRED,VisitBusan listing pages are JavaScript-rendered (HTTP returns nav shell). VisitBusan detail pages are HTTP_HTML_ACCESSI,VisitBusan (visitbusan.net),,VisitBusan browser-rendered listing crosswalk required (Playwright/Selenium)
83,busan-K-00322,busan-K-00322,명지시장,,attraction,,강서구,부산광역시 강서구 신포길 13-10 (명지동),False,HOLD_BROWSER_ENV_REQUIRED,VisitBusan listing pages are JavaScript-rendered (HTTP returns nav shell). VisitBusan detail pages are HTTP_HTML_ACCESSI,VisitBusan (visitbusan.net),,VisitBusan browser-rendered listing crosswalk required (Playwright/Selenium)
84,busan-K-00327,busan-K-00327,대저할매국수,,restaurant,,강서구,부산광역시 강서구 대저중앙로 337,False,HOLD_BROWSER_ENV_REQUIRED,VisitBusan listing pages are JavaScript-rendered (HTTP returns nav shell). VisitBusan detail pages are HTTP_HTML_ACCESSI,VisitBusan (visitbusan.net),,VisitBusan browser-rendered listing crosswalk required (Playwright/Selenium)
85,busan-K-00354,busan-K-00354,칠암일번지횟집,,restaurant,,기장군,부산광역시 기장군 일광면 문오성길 547,False,HOLD_BROWSER_ENV_REQUIRED,VisitBusan listing pages are JavaScript-rendered (HTTP returns nav shell). VisitBusan detail pages are HTTP_HTML_ACCESSI,VisitBusan (visitbusan.net),,VisitBusan browser-rendered listing crosswalk required (Playwright/Selenium)
86,busan-K-00362,busan-K-00362,가야포차선지국,,restaurant,,기장군,부산광역시 기장군 정관읍 정관8로 28,False,HOLD_BROWSER_ENV_REQUIRED,VisitBusan listing pages are JavaScript-rendered (HTTP returns nav shell). VisitBusan detail pages are HTTP_HTML_ACCESSI,VisitBusan (visitbusan.net),,VisitBusan browser-rendered listing crosswalk required (Playwright/Selenium)
87,busan-K-00420,busan-K-00420,깃발집 국수전골,,restaurant,,동래구,부산광역시 동래구 온천장로107번길 10,False,HOLD_BROWSER_ENV_REQUIRED,VisitBusan listing pages are JavaScript-rendered (HTTP returns nav shell). VisitBusan detail pages are HTTP_HTML_ACCESSI,VisitBusan (visitbusan.net),,VisitBusan browser-rendered listing crosswalk required (Playwright/Selenium)
88,busan-K-00430,busan-K-00430,대복성,,restaurant,,수영구,부산광역시 수영구 수미로13번길 11,False,HOLD_BROWSER_ENV_REQUIRED,VisitBusan listing pages are JavaScript-rendered (HTTP returns nav shell). VisitBusan detail pages are HTTP_HTML_ACCESSI,VisitBusan (visitbusan.net),,VisitBusan browser-rendered listing crosswalk required (Playwright/Selenium)
89,busan-K-00431,busan-K-00431,카페썬번,,restaurant,,동래구,부산광역시 동래구 명안로17번길 80,False,HOLD_BROWSER_ENV_REQUIRED,VisitBusan listing pages are JavaScript-rendered (HTTP returns nav shell). VisitBusan detail pages are HTTP_HTML_ACCESSI,VisitBusan (visitbusan.net),,VisitBusan browser-rendered listing crosswalk required (Playwright/Selenium)
90,busan-K-00432,busan-K-00432,송정해녀집,,restaurant,,기장군,부산광역시 기장군 공수해안길 57-2,False,HOLD_BROWSER_ENV_REQUIRED,VisitBusan listing pages are JavaScript-rendered (HTTP returns nav shell). VisitBusan detail pages are HTTP_HTML_ACCESSI,VisitBusan (visitbusan.net),,VisitBusan browser-rendered listing crosswalk required (Playwright/Selenium)
91,busan-K-00434,busan-K-00434,만서리 이가네 막국수,,restaurant,,금정구,부산광역시 금정구 식물원로 27,False,HOLD_BROWSER_ENV_REQUIRED,VisitBusan listing pages are JavaScript-rendered (HTTP returns nav shell). VisitBusan detail pages are HTTP_HTML_ACCESSI,VisitBusan (visitbusan.net),,VisitBusan browser-rendered listing crosswalk required (Playwright/Selenium)
92,busan-K-00438,busan-K-00438,남천녹차팥빙수,,restaurant,,수영구,부산광역시 수영구 수영로394번길 28,False,HOLD_BROWSER_ENV_REQUIRED,VisitBusan listing pages are JavaScript-rendered (HTTP returns nav shell). VisitBusan detail pages are HTTP_HTML_ACCESSI,VisitBusan (visitbusan.net),,VisitBusan browser-rendered listing crosswalk required (Playwright/Selenium)
93,busan-K-00469,busan-K-00469,연어바치,,restaurant,,남구,부산광역시 남구 용소로21번길 71,False,HOLD_BROWSER_ENV_REQUIRED,VisitBusan listing pages are JavaScript-rendered (HTTP returns nav shell). VisitBusan detail pages are HTTP_HTML_ACCESSI,VisitBusan (visitbusan.net),,VisitBusan browser-rendered listing crosswalk required (Playwright/Selenium)
94,busan-K-00543,busan-K-00543,리버사이드,,restaurant,,기장군,부산광역시 기장군 일광로 582-44,False,HOLD_BROWSER_ENV_REQUIRED,VisitBusan listing pages are JavaScript-rendered (HTTP returns nav shell). VisitBusan detail pages are HTTP_HTML_ACCESSI,VisitBusan (visitbusan.net),,VisitBusan browser-rendered listing crosswalk required (Playwright/Selenium)
95,busan-K-00565,busan-K-00565,부센동,,restaurant,,수영구,"부산광역시 수영구 수영로588번길 7 (광안동, 광안 협성엠파이어Ⅱ)",False,HOLD_BROWSER_ENV_REQUIRED,VisitBusan listing pages are JavaScript-rendered (HTTP returns nav shell). VisitBusan detail pages are HTTP_HTML_ACCESSI,VisitBusan (visitbusan.net),,VisitBusan browser-rendered listing crosswalk required (Playwright/Selenium)
96,busan-K-00566,busan-K-00566,몽작,,restaurant,,영도구,부산광역시 영도구 남항서로 36,False,HOLD_BROWSER_ENV_REQUIRED,VisitBusan listing pages are JavaScript-rendered (HTTP returns nav shell). VisitBusan detail pages are HTTP_HTML_ACCESSI,VisitBusan (visitbusan.net),,VisitBusan browser-rendered listing crosswalk required (Playwright/Selenium)
97,busan-K-00678,busan-K-00678,UN조각공원,UN Sculpture Park (UN조각공원),attraction,,남구,부산광역시 남구 대연동,False,HOLD_BROWSER_ENV_REQUIRED,VisitBusan listing pages are JavaScript-rendered (HTTP returns nav shell). VisitBusan detail pages are HTTP_HTML_ACCESSI,VisitBusan (visitbusan.net),,VisitBusan browser-rendered listing crosswalk required (Playwright/Selenium)
98,busan-K-00685,busan-K-00685,플루니티,,attraction,,영도구,부산광역시 영도구 번영길 8,False,HOLD_BROWSER_ENV_REQUIRED,VisitBusan listing pages are JavaScript-rendered (HTTP returns nav shell). VisitBusan detail pages are HTTP_HTML_ACCESSI,VisitBusan (visitbusan.net),,VisitBusan browser-rendered listing crosswalk required (Playwright/Selenium)
99,busan-K-00704,busan-K-00704,브라운도트 호텔 서면역점 비즈니스,,accommodation,,부산진구,부산광역시 부산진구 가야대로756번길 16 (부전동),False,HOLD_BROWSER_ENV_REQUIRED,VisitBusan listing pages are JavaScript-rendered (HTTP returns nav shell). VisitBusan detail pages are HTTP_HTML_ACCESSI,VisitBusan (visitbusan.net),,VisitBusan browser-rendered listing crosswalk required (Playwright/Selenium)
100,busan-K-00720,busan-K-00720,고래서이뻐,,attraction,,해운대구,부산광역시 해운대구 우동1로38번길 15-1 (우동),False,HOLD_BROWSER_ENV_REQUIRED,VisitBusan listing pages are JavaScript-rendered (HTTP returns nav shell). VisitBusan detail pages are HTTP_HTML_ACCESSI,VisitBusan (visitbusan.net),https://www.visitbusan.net/kr/index.do?menuCd=DOM_000000201001001000&uc_seq=2581&lang_cd=ko,VisitBusan browser-rendered listing crosswalk required (Playwright/Selenium)
101,busan-K-00741,busan-K-00741,아스티호텔 부산,,accommodation,,동구,부산광역시 동구 중앙대로214번길 7-8 (초량동),False,HOLD_BROWSER_ENV_REQUIRED,VisitBusan listing pages are JavaScript-rendered (HTTP returns nav shell). VisitBusan detail pages are HTTP_HTML_ACCESSI,VisitBusan (visitbusan.net),,VisitBusan browser-rendered listing crosswalk required (Playwright/Selenium)
102,busan-K-00742,busan-K-00742,아난티 앳 부산 빌라쥬,,accommodation,,기장군,부산광역시 기장군 기장읍 기장해안로 267-7,False,HOLD_BROWSER_ENV_REQUIRED,VisitBusan listing pages are JavaScript-rendered (HTTP returns nav shell). VisitBusan detail pages are HTTP_HTML_ACCESSI,VisitBusan (visitbusan.net),,VisitBusan browser-rendered listing crosswalk required (Playwright/Selenium)
103,busan-K-00743,busan-K-00743,덴바스타호텔 동래점,,accommodation,,동래구,부산광역시 동래구 명륜로112번가길 28 (명륜동),False,HOLD_BROWSER_ENV_REQUIRED,VisitBusan listing pages are JavaScript-rendered (HTTP returns nav shell). VisitBusan detail pages are HTTP_HTML_ACCESSI,VisitBusan (visitbusan.net),,VisitBusan browser-rendered listing crosswalk required (Playwright/Selenium)
104,busan-K-00744,busan-K-00744,호텔 더반,,accommodation,,사상구,부산광역시 사상구 사상로224번길 10 (괘법동),False,HOLD_BROWSER_ENV_REQUIRED,VisitBusan listing pages are JavaScript-rendered (HTTP returns nav shell). VisitBusan detail pages are HTTP_HTML_ACCESSI,VisitBusan (visitbusan.net),,VisitBusan browser-rendered listing crosswalk required (Playwright/Selenium)
105,busan-K-00745,busan-K-00745,호텔 야오,,accommodation,,사하구,부산광역시 사하구 낙동남로1389번길 18 (하단동),False,HOLD_BROWSER_ENV_REQUIRED,VisitBusan listing pages are JavaScript-rendered (HTTP returns nav shell). VisitBusan detail pages are HTTP_HTML_ACCESSI,VisitBusan (visitbusan.net),,VisitBusan browser-rendered listing crosswalk required (Playwright/Selenium)
106,busan-K-00746,busan-K-00746,그랩 디 오션 송도,,accommodation,,서구,부산광역시 서구 송도해변로 97 (암남동),False,HOLD_BROWSER_ENV_REQUIRED,VisitBusan listing pages are JavaScript-rendered (HTTP returns nav shell). VisitBusan detail pages are HTTP_HTML_ACCESSI,VisitBusan (visitbusan.net),,VisitBusan browser-rendered listing crosswalk required (Playwright/Selenium)
107,busan-K-00747,busan-K-00747,넘버25 호텔 기장 연화리점,,accommodation,,기장군,부산광역시 기장군 기장읍 연화길 64,False,HOLD_BROWSER_ENV_REQUIRED,VisitBusan listing pages are JavaScript-rendered (HTTP returns nav shell). VisitBusan detail pages are HTTP_HTML_ACCESSI,VisitBusan (visitbusan.net),,VisitBusan browser-rendered listing crosswalk required (Playwright/Selenium)
108,busan-K-00748,busan-K-00748,본호텔,,accommodation,,북구,부산광역시 북구 낙동대로 1746-8 (구포동),False,HOLD_BROWSER_ENV_REQUIRED,VisitBusan listing pages are JavaScript-rendered (HTTP returns nav shell). VisitBusan detail pages are HTTP_HTML_ACCESSI,VisitBusan (visitbusan.net),,VisitBusan browser-rendered listing crosswalk required (Playwright/Selenium)
109,busan-K-00749,busan-K-00749,브라운도트 호텔 사상르네시떼,,accommodation,,사상구,부산광역시 사상구 새벽로223번길 83 (괘법동),False,HOLD_BROWSER_ENV_REQUIRED,VisitBusan listing pages are JavaScript-rendered (HTTP returns nav shell). VisitBusan detail pages are HTTP_HTML_ACCESSI,VisitBusan (visitbusan.net),,VisitBusan browser-rendered listing crosswalk required (Playwright/Selenium)
110,busan-K-00750,busan-K-00750,시타딘커넥트호텔 하리 부산,,accommodation,,영도구,부산광역시 영도구 동삼오션로 58 (동삼동),False,HOLD_BROWSER_ENV_REQUIRED,VisitBusan listing pages are JavaScript-rendered (HTTP returns nav shell). VisitBusan detail pages are HTTP_HTML_ACCESSI,VisitBusan (visitbusan.net),,VisitBusan browser-rendered listing crosswalk required (Playwright/Selenium)
111,busan-K-00751,busan-K-00751,힐스테이호텔,,accommodation,,북구,부산광역시 북구 만덕고개길 83 (만덕동),False,HOLD_BROWSER_ENV_REQUIRED,VisitBusan listing pages are JavaScript-rendered (HTTP returns nav shell). VisitBusan detail pages are HTTP_HTML_ACCESSI,VisitBusan (visitbusan.net),,VisitBusan browser-rendered listing crosswalk required (Playwright/Selenium)
112,busan-K-00752,busan-K-00752,주식회사감천아울,,attraction,,사하구,"부산광역시 사하구 옥천로75번안길 10 (감천동, 제일아파트)",False,HOLD_BROWSER_ENV_REQUIRED,VisitBusan listing pages are JavaScript-rendered (HTTP returns nav shell). VisitBusan detail pages are HTTP_HTML_ACCESSI,VisitBusan (visitbusan.net),,VisitBusan browser-rendered listing crosswalk required (Playwright/Selenium)
113,busan-K-00753,busan-K-00753,주식회사아래모래,,attraction,,사하구,부산광역시 사하구 감내2로 100 (감천동),False,HOLD_BROWSER_ENV_REQUIRED,VisitBusan listing pages are JavaScript-rendered (HTTP returns nav shell). VisitBusan detail pages are HTTP_HTML_ACCESSI,VisitBusan (visitbusan.net),,VisitBusan browser-rendered listing crosswalk required (Playwright/Selenium)
114,busan-K-00754,busan-K-00754,주식회사어반힐링,,attraction,,사하구,부산광역시 사하구 낙동대로 534 (하단동),False,HOLD_BROWSER_ENV_REQUIRED,VisitBusan listing pages are JavaScript-rendered (HTTP returns nav shell). VisitBusan detail pages are HTTP_HTML_ACCESSI,VisitBusan (visitbusan.net),,VisitBusan browser-rendered listing crosswalk required (Playwright/Selenium)
115,busan-K-00755,busan-K-00755,주식회사뷰티홀릭,,attraction,,수영구,"부산광역시 수영구 광안로7번길 17 (광안동, 세종 엠스테이3차)",False,HOLD_BROWSER_ENV_REQUIRED,VisitBusan listing pages are JavaScript-rendered (HTTP returns nav shell). VisitBusan detail pages are HTTP_HTML_ACCESSI,VisitBusan (visitbusan.net),,VisitBusan browser-rendered listing crosswalk required (Playwright/Selenium)
116,busan-K-00756,busan-K-00756,주식회사피알아이피,,attraction,,수영구,부산광역시 수영구 수영로 409 (남천동),False,HOLD_BROWSER_ENV_REQUIRED,VisitBusan listing pages are JavaScript-rendered (HTTP returns nav shell). VisitBusan detail pages are HTTP_HTML_ACCESSI,VisitBusan (visitbusan.net),,VisitBusan browser-rendered listing crosswalk required (Playwright/Selenium)
117,busan-K-00760,busan-K-00760,송정담다펜션,,accommodation,,해운대구,부산광역시 해운대구 송정중앙로6번길 126 (송정동),False,HOLD_BROWSER_ENV_REQUIRED,VisitBusan listing pages are JavaScript-rendered (HTTP returns nav shell). VisitBusan detail pages are HTTP_HTML_ACCESSI,VisitBusan (visitbusan.net),,VisitBusan browser-rendered listing crosswalk required (Playwright/Selenium)
118,busan-K-00761,busan-K-00761,호두스테이,,accommodation,,수영구,부산광역시 수영구 수영로594번길 7 (광안동),False,HOLD_BROWSER_ENV_REQUIRED,VisitBusan listing pages are JavaScript-rendered (HTTP returns nav shell). VisitBusan detail pages are HTTP_HTML_ACCESSI,VisitBusan (visitbusan.net),,VisitBusan browser-rendered listing crosswalk required (Playwright/Selenium)
119,busan-K-00762,busan-K-00762,단아,,accommodation,,부산진구,부산광역시 부산진구 전포대로132번길 7 (전포동),False,HOLD_BROWSER_ENV_REQUIRED,VisitBusan listing pages are JavaScript-rendered (HTTP returns nav shell). VisitBusan detail pages are HTTP_HTML_ACCESSI,VisitBusan (visitbusan.net),,VisitBusan browser-rendered listing crosswalk required (Playwright/Selenium)
120,busan-K-00763,busan-K-00763,민락스테이,,accommodation,,수영구,부산광역시 수영구 민락본동로 28 (민락동),False,HOLD_BROWSER_ENV_REQUIRED,VisitBusan listing pages are JavaScript-rendered (HTTP returns nav shell). VisitBusan detail pages are HTTP_HTML_ACCESSI,VisitBusan (visitbusan.net),,VisitBusan browser-rendered listing crosswalk required (Playwright/Selenium)
121,busan-K-00764,busan-K-00764,누스테이 부산,,accommodation,,수영구,부산광역시 수영구 수영로 722-1 (광안동),False,HOLD_BROWSER_ENV_REQUIRED,VisitBusan listing pages are JavaScript-rendered (HTTP returns nav shell). VisitBusan detail pages are HTTP_HTML_ACCESSI,VisitBusan (visitbusan.net),,VisitBusan browser-rendered listing crosswalk required (Playwright/Selenium)
122,busan-K-00765,busan-K-00765,트래블라이트,,accommodation,,부산진구,부산광역시 부산진구 서면로68번길 52 (부전동),False,HOLD_BROWSER_ENV_REQUIRED,VisitBusan listing pages are JavaScript-rendered (HTTP returns nav shell). VisitBusan detail pages are HTTP_HTML_ACCESSI,VisitBusan (visitbusan.net),,VisitBusan browser-rendered listing crosswalk required (Playwright/Selenium)
123,busan-K-00767,busan-K-00767,베를리너 하우스,,accommodation,,부산진구,부산광역시 부산진구 전포대로224번길 26 (전포동),False,HOLD_BROWSER_ENV_REQUIRED,VisitBusan listing pages are JavaScript-rendered (HTTP returns nav shell). VisitBusan detail pages are HTTP_HTML_ACCESSI,VisitBusan (visitbusan.net),,VisitBusan browser-rendered listing crosswalk required (Playwright/Selenium)
124,busan-K-00768,busan-K-00768,샌드스테이,,accommodation,,수영구,"부산광역시 수영구 광안해변로279번길 29 (민락동, 유정)",False,HOLD_BROWSER_ENV_REQUIRED,VisitBusan listing pages are JavaScript-rendered (HTTP returns nav shell). VisitBusan detail pages are HTTP_HTML_ACCESSI,VisitBusan (visitbusan.net),,VisitBusan browser-rendered listing crosswalk required (Playwright/Selenium)
125,busan-K-00769,busan-K-00769,읽다부산,,accommodation,,부산진구,부산광역시 부산진구 전포대로209번길 43 (전포동),False,HOLD_BROWSER_ENV_REQUIRED,VisitBusan listing pages are JavaScript-rendered (HTTP returns nav shell). VisitBusan detail pages are HTTP_HTML_ACCESSI,VisitBusan (visitbusan.net),,VisitBusan browser-rendered listing crosswalk required (Playwright/Selenium)
126,busan-K-00770,busan-K-00770,청킹멘션부산,,accommodation,,부산진구,부산광역시 부산진구 서전로58번길 15-3 (전포동),False,HOLD_BROWSER_ENV_REQUIRED,VisitBusan listing pages are JavaScript-rendered (HTTP returns nav shell). VisitBusan detail pages are HTTP_HTML_ACCESSI,VisitBusan (visitbusan.net),,VisitBusan browser-rendered listing crosswalk required (Playwright/Selenium)
127,busan-K-00771,busan-K-00771,행운인생,,accommodation,,남구,부산광역시 남구 고동골로 40 (문현동),False,HOLD_BROWSER_ENV_REQUIRED,VisitBusan listing pages are JavaScript-rendered (HTTP returns nav shell). VisitBusan detail pages are HTTP_HTML_ACCESSI,VisitBusan (visitbusan.net),,VisitBusan browser-rendered listing crosswalk required (Playwright/Selenium)
128,busan-K-00772,busan-K-00772,이스턴룸,,accommodation,,해운대구,부산광역시 해운대구 달맞이길117번라길 100 (중동),False,HOLD_BROWSER_ENV_REQUIRED,VisitBusan listing pages are JavaScript-rendered (HTTP returns nav shell). VisitBusan detail pages are HTTP_HTML_ACCESSI,VisitBusan (visitbusan.net),,VisitBusan browser-rendered listing crosswalk required (Playwright/Selenium)
