번호,candidate_id,canonical_id,한국어명,영문명,category,subcategory,area,address,현재설명여부,최종상태,HOLD이유,source,source_url,후속해결방법
1,gyeongju-GJ01-0001,gyeongju-GJ01-0001,경주 계림,,attraction,,경주시내권,경상북도 경주시 교동 1,False,HOLD_SOURCE_ACCESS,gyeongju.go.kr/tour attraction LISTING pages verified as JavaScript-rendered: mnu=2266 (권역별관광지)=navigation_landing_no_it,gyeongju.go.kr/tour (target source — listing JS-rendered),,gyeongju.go.kr/tour browser-rendered listing crosswalk OR manual con_uid table required
2,gyeongju-GJ01-0002,gyeongju-GJ01-0002,경주 문화원,,attraction,,경주시내권,경상북도 경주시 중앙로 67-12,False,HOLD_SOURCE_ACCESS,gyeongju.go.kr/tour attraction LISTING pages verified as JavaScript-rendered: mnu=2266 (권역별관광지)=navigation_landing_no_it,gyeongju.go.kr/tour (target source — listing JS-rendered),,gyeongju.go.kr/tour browser-rendered listing crosswalk OR manual con_uid table required
3,gyeongju-GJ01-0004,gyeongju-GJ01-0004,경주 월성,,attraction,,경주시내권,경상북도 경주시 인왕동 387-1,False,HOLD_SOURCE_ACCESS,gyeongju.go.kr/tour attraction LISTING pages verified as JavaScript-rendered: mnu=2266 (권역별관광지)=navigation_landing_no_it,gyeongju.go.kr/tour (target source — listing JS-rendered),,gyeongju.go.kr/tour browser-rendered listing crosswalk OR manual con_uid table required
4,gyeongju-GJ01-0005,gyeongju-GJ01-0005,경주읍성,,attraction,,경주시내권,경상북도 경주시 동문로 31,False,HOLD_SOURCE_ACCESS,gyeongju.go.kr/tour attraction LISTING pages verified as JavaScript-rendered: mnu=2266 (권역별관광지)=navigation_landing_no_it,gyeongju.go.kr/tour (target source — listing JS-rendered),,gyeongju.go.kr/tour browser-rendered listing crosswalk OR manual con_uid table required
5,gyeongju-GJ01-0006,gyeongju-GJ01-0006,경주최부자댁,,attraction,,경주시내권,경상북도 경주시 교촌안길 27-44,False,HOLD_SOURCE_ACCESS,gyeongju.go.kr/tour attraction LISTING pages verified as JavaScript-rendered: mnu=2266 (권역별관광지)=navigation_landing_no_it,gyeongju.go.kr/tour (target source — listing JS-rendered),,gyeongju.go.kr/tour browser-rendered listing crosswalk OR manual con_uid table required
6,gyeongju-GJ01-0007,gyeongju-GJ01-0007,경주향교,,attraction,,경주시내권,경상북도 경주시 교동 17-1,False,HOLD_SOURCE_ACCESS,gyeongju.go.kr/tour attraction LISTING pages verified as JavaScript-rendered: mnu=2266 (권역별관광지)=navigation_landing_no_it,gyeongju.go.kr/tour (target source — listing JS-rendered),,gyeongju.go.kr/tour browser-rendered listing crosswalk OR manual con_uid table required
7,gyeongju-GJ01-0008,gyeongju-GJ01-0008,교촌마을,,attraction,,경주시내권,경상북도 경주시 교촌길 39-2 (교동),False,HOLD_SOURCE_ACCESS,gyeongju.go.kr/tour attraction LISTING pages verified as JavaScript-rendered: mnu=2266 (권역별관광지)=navigation_landing_no_it,gyeongju.go.kr/tour (target source — listing JS-rendered),,gyeongju.go.kr/tour browser-rendered listing crosswalk OR manual con_uid table required
8,gyeongju-GJ01-0009,gyeongju-GJ01-0009,국립경주박물관,,attraction,,경주시내권,"경상북도 경주시 일정로 186, 국립경주박물관 (인왕동)",False,HOLD_SOURCE_ACCESS,gyeongju.go.kr/tour attraction LISTING pages verified as JavaScript-rendered: mnu=2266 (권역별관광지)=navigation_landing_no_it,"gyeongju.go.kr/tour (travel-info title match, description unavailable)",https://www.gyeongju.go.kr/tour/page.do?mnu_uid=2689,gyeongju.go.kr/tour browser-rendered listing crosswalk OR manual con_uid table required
9,gyeongju-GJ01-0010,gyeongju-GJ01-0010,금장대,,attraction,,경주시내권,경상북도 경주시 석장동 산 38-9,False,HOLD_SOURCE_ACCESS,gyeongju.go.kr/tour attraction LISTING pages verified as JavaScript-rendered: mnu=2266 (권역별관광지)=navigation_landing_no_it,gyeongju.go.kr/tour (target source — listing JS-rendered),,gyeongju.go.kr/tour browser-rendered listing crosswalk OR manual con_uid table required
10,gyeongju-GJ01-0011,gyeongju-GJ01-0011,낭산,,attraction,,경주시내권,경상북도 경주시 보문동 214-2,False,HOLD_SOURCE_ACCESS,gyeongju.go.kr/tour attraction LISTING pages verified as JavaScript-rendered: mnu=2266 (권역별관광지)=navigation_landing_no_it,gyeongju.go.kr/tour (target source — listing JS-rendered),,gyeongju.go.kr/tour browser-rendered listing crosswalk OR manual con_uid table required
11,gyeongju-GJ01-0013,gyeongju-GJ01-0013,능지탑지,,attraction,,경주시내권,경상북도 경주시 배반동 621-1,False,HOLD_SOURCE_ACCESS,gyeongju.go.kr/tour attraction LISTING pages verified as JavaScript-rendered: mnu=2266 (권역별관광지)=navigation_landing_no_it,gyeongju.go.kr/tour (target source — listing JS-rendered),,gyeongju.go.kr/tour browser-rendered listing crosswalk OR manual con_uid table required
12,gyeongju-GJ01-0014,gyeongju-GJ01-0014,대릉원,,attraction,,경주시내권,경상북도 경주시 황남동 31-1,False,HOLD_SOURCE_ACCESS,gyeongju.go.kr/tour attraction LISTING pages verified as JavaScript-rendered: mnu=2266 (권역별관광지)=navigation_landing_no_it,"gyeongju.go.kr/tour (travel-info title match, description unavailable)",https://www.gyeongju.go.kr/tour/page.do?mnu_uid=2689,gyeongju.go.kr/tour browser-rendered listing crosswalk OR manual con_uid table required
13,gyeongju-GJ01-0015,gyeongju-GJ01-0015,대릉원 돌담길,,attraction,,경주시내권,경상북도 경주시 태종로 783,False,HOLD_SOURCE_ACCESS,gyeongju.go.kr/tour attraction LISTING pages verified as JavaScript-rendered: mnu=2266 (권역별관광지)=navigation_landing_no_it,gyeongju.go.kr/tour (target source — listing JS-rendered),,gyeongju.go.kr/tour browser-rendered listing crosswalk OR manual con_uid table required
14,gyeongju-GJ01-0016,gyeongju-GJ01-0016,대릉원 미추왕릉,,attraction,,경주시내권,경상북도 경주시 황남동 89-2,False,HOLD_SOURCE_ACCESS,gyeongju.go.kr/tour attraction LISTING pages verified as JavaScript-rendered: mnu=2266 (권역별관광지)=navigation_landing_no_it,gyeongju.go.kr/tour (target source — listing JS-rendered),,gyeongju.go.kr/tour browser-rendered listing crosswalk OR manual con_uid table required
15,gyeongju-GJ01-0017,gyeongju-GJ01-0017,동궁과 월지,,attraction,,경주시내권,경상북도 경주시 원화로 102,False,HOLD_SOURCE_ACCESS,gyeongju.go.kr/tour attraction LISTING pages verified as JavaScript-rendered: mnu=2266 (권역별관광지)=navigation_landing_no_it,"gyeongju.go.kr/tour (travel-info title match, description unavailable)",https://www.gyeongju.go.kr/tour/page.do?mnu_uid=2689,gyeongju.go.kr/tour browser-rendered listing crosswalk OR manual con_uid table required
16,gyeongju-GJ01-0018,gyeongju-GJ01-0018,동궁과 월지 연꽃단지,,attraction,,경주시내권,경상북도 경주시 양지길 35-1,False,HOLD_SOURCE_ACCESS,gyeongju.go.kr/tour attraction LISTING pages verified as JavaScript-rendered: mnu=2266 (권역별관광지)=navigation_landing_no_it,gyeongju.go.kr/tour (target source — listing JS-rendered),,gyeongju.go.kr/tour browser-rendered listing crosswalk OR manual con_uid table required
17,gyeongju-GJ01-0019,gyeongju-GJ01-0019,동부사적지구 꽃단지,,attraction,,경주시내권,경상북도 경주시 황남동 104-1,False,HOLD_SOURCE_ACCESS,gyeongju.go.kr/tour attraction LISTING pages verified as JavaScript-rendered: mnu=2266 (권역별관광지)=navigation_landing_no_it,gyeongju.go.kr/tour (target source — listing JS-rendered),,gyeongju.go.kr/tour browser-rendered listing crosswalk OR manual con_uid table required
18,gyeongju-GJ01-0020,gyeongju-GJ01-0020,백률사,,attraction,,경주시내권,경상북도 경주시 산업로 4214-110 (동천동),False,HOLD_SOURCE_ACCESS,gyeongju.go.kr/tour attraction LISTING pages verified as JavaScript-rendered: mnu=2266 (권역별관광지)=navigation_landing_no_it,gyeongju.go.kr/tour (target source — listing JS-rendered),,gyeongju.go.kr/tour browser-rendered listing crosswalk OR manual con_uid table required
19,gyeongju-GJ01-0021,gyeongju-GJ01-0021,봉황대,,attraction,,경주시내권,경상북도 경주시 노동동 261,False,HOLD_SOURCE_ACCESS,gyeongju.go.kr/tour attraction LISTING pages verified as JavaScript-rendered: mnu=2266 (권역별관광지)=navigation_landing_no_it,gyeongju.go.kr/tour (target source — listing JS-rendered),,gyeongju.go.kr/tour browser-rendered listing crosswalk OR manual con_uid table required
20,gyeongju-GJ01-0022,gyeongju-GJ01-0022,분황사,,attraction,,경주시내권,경상북도 경주시 분황로 94-11 (구황동),False,HOLD_SOURCE_ACCESS,gyeongju.go.kr/tour attraction LISTING pages verified as JavaScript-rendered: mnu=2266 (권역별관광지)=navigation_landing_no_it,gyeongju.go.kr/tour (target source — listing JS-rendered),,gyeongju.go.kr/tour browser-rendered listing crosswalk OR manual con_uid table required
21,gyeongju-GJ01-0023,gyeongju-GJ01-0023,비단벌레 전기자동차,,attraction,,경주시내권,경상북도 경주시 첨성로 149 (황남동),False,HOLD_SOURCE_ACCESS,gyeongju.go.kr/tour attraction LISTING pages verified as JavaScript-rendered: mnu=2266 (권역별관광지)=navigation_landing_no_it,gyeongju.go.kr/tour (target source — listing JS-rendered),,gyeongju.go.kr/tour browser-rendered listing crosswalk OR manual con_uid table required
22,gyeongju-GJ01-0024,gyeongju-GJ01-0024,선덕여왕릉,,attraction,,경주시내권,경상북도 경주시 보문동 산79-2,False,HOLD_SOURCE_ACCESS,gyeongju.go.kr/tour attraction LISTING pages verified as JavaScript-rendered: mnu=2266 (권역별관광지)=navigation_landing_no_it,gyeongju.go.kr/tour (target source — listing JS-rendered),,gyeongju.go.kr/tour browser-rendered listing crosswalk OR manual con_uid table required
23,gyeongju-GJ01-0025,gyeongju-GJ01-0025,성동시장,,attraction,,경주시내권,경상북도 경주시 경주시 동문로 24번길 12,False,HOLD_SOURCE_ACCESS,gyeongju.go.kr/tour attraction LISTING pages verified as JavaScript-rendered: mnu=2266 (권역별관광지)=navigation_landing_no_it,gyeongju.go.kr/tour (target source — listing JS-rendered),,gyeongju.go.kr/tour browser-rendered listing crosswalk OR manual con_uid table required
24,gyeongju-GJ01-0026,gyeongju-GJ01-0026,소금강산,,attraction,,경주시내권,경상북도 경주시 경주시 용강상리2길 (용강동),False,HOLD_SOURCE_ACCESS,gyeongju.go.kr/tour attraction LISTING pages verified as JavaScript-rendered: mnu=2266 (권역별관광지)=navigation_landing_no_it,gyeongju.go.kr/tour (target source — listing JS-rendered),,gyeongju.go.kr/tour browser-rendered listing crosswalk OR manual con_uid table required
25,gyeongju-GJ01-0027,gyeongju-GJ01-0027,소소밀밀,,attraction,,경주시내권,경상북도 경주시 경주시 포석로 1092번길 16,False,HOLD_SOURCE_ACCESS,gyeongju.go.kr/tour attraction LISTING pages verified as JavaScript-rendered: mnu=2266 (권역별관광지)=navigation_landing_no_it,gyeongju.go.kr/tour (target source — listing JS-rendered),,gyeongju.go.kr/tour browser-rendered listing crosswalk OR manual con_uid table required
26,gyeongju-GJ01-0028,gyeongju-GJ01-0028,숭혜전,,attraction,,경주시내권,경상북도 경주시 포석로1050번길 39-11 (황남동),False,HOLD_SOURCE_ACCESS,gyeongju.go.kr/tour attraction LISTING pages verified as JavaScript-rendered: mnu=2266 (권역별관광지)=navigation_landing_no_it,gyeongju.go.kr/tour (target source — listing JS-rendered),,gyeongju.go.kr/tour browser-rendered listing crosswalk OR manual con_uid table required
27,gyeongju-GJ01-0029,gyeongju-GJ01-0029,신라대종,,attraction,,경주시내권,경상북도 경주시 태종로 767 종각,False,HOLD_SOURCE_ACCESS,gyeongju.go.kr/tour attraction LISTING pages verified as JavaScript-rendered: mnu=2266 (권역별관광지)=navigation_landing_no_it,gyeongju.go.kr/tour (target source — listing JS-rendered),,gyeongju.go.kr/tour browser-rendered listing crosswalk OR manual con_uid table required
28,gyeongju-GJ01-0030,gyeongju-GJ01-0030,신라왕경숲,,attraction,,경주시내권,경상북도 경주시 경주시 구황동 885-6,False,HOLD_SOURCE_ACCESS,gyeongju.go.kr/tour attraction LISTING pages verified as JavaScript-rendered: mnu=2266 (권역별관광지)=navigation_landing_no_it,gyeongju.go.kr/tour (target source — listing JS-rendered),,gyeongju.go.kr/tour browser-rendered listing crosswalk OR manual con_uid table required
29,gyeongju-GJ01-0031,gyeongju-GJ01-0031,어서어서,,attraction,,경주시내권,경상북도 경주시 경주시 포석로 1083,False,HOLD_SOURCE_ACCESS,gyeongju.go.kr/tour attraction LISTING pages verified as JavaScript-rendered: mnu=2266 (권역별관광지)=navigation_landing_no_it,gyeongju.go.kr/tour (target source — listing JS-rendered),,gyeongju.go.kr/tour browser-rendered listing crosswalk OR manual con_uid table required
30,gyeongju-GJ01-0033,gyeongju-GJ01-0033,월정교,,attraction,,경주시내권,경상북도 경주시 교동 274,False,HOLD_SOURCE_ACCESS,gyeongju.go.kr/tour attraction LISTING pages verified as JavaScript-rendered: mnu=2266 (권역별관광지)=navigation_landing_no_it,"gyeongju.go.kr/tour (travel-info title match, description unavailable)",https://www.gyeongju.go.kr/tour/page.do?mnu_uid=2689,gyeongju.go.kr/tour browser-rendered listing crosswalk OR manual con_uid table required
31,gyeongju-GJ01-0034,gyeongju-GJ01-0034,중앙시장 야시장,,attraction,,경주시내권,"경상북도 경주시 금성로 295, 중앙시장 (성건동)",False,HOLD_SOURCE_ACCESS,gyeongju.go.kr/tour attraction LISTING pages verified as JavaScript-rendered: mnu=2266 (권역별관광지)=navigation_landing_no_it,gyeongju.go.kr/tour (target source — listing JS-rendered),,gyeongju.go.kr/tour browser-rendered listing crosswalk OR manual con_uid table required
32,gyeongju-GJ01-0035,gyeongju-GJ01-0035,천마총,,attraction,,경주시내권,경상북도 경주시 황남동 262,False,HOLD_SOURCE_ACCESS,gyeongju.go.kr/tour attraction LISTING pages verified as JavaScript-rendered: mnu=2266 (권역별관광지)=navigation_landing_no_it,gyeongju.go.kr/tour (target source — listing JS-rendered),,gyeongju.go.kr/tour browser-rendered listing crosswalk OR manual con_uid table required
33,gyeongju-GJ01-0036,gyeongju-GJ01-0036,첨성대,,attraction,,경주시내권,경상북도 경주시 인왕동 839-1,False,HOLD_SOURCE_ACCESS,gyeongju.go.kr/tour attraction LISTING pages verified as JavaScript-rendered: mnu=2266 (권역별관광지)=navigation_landing_no_it,"gyeongju.go.kr/tour (travel-info title match, description unavailable)",https://www.gyeongju.go.kr/tour/page.do?mnu_uid=2689,gyeongju.go.kr/tour browser-rendered listing crosswalk OR manual con_uid table required
34,gyeongju-GJ01-0037,gyeongju-GJ01-0037,탈해왕릉,,attraction,,경주시내권,경상북도 경주시 동천동 산 17,False,HOLD_SOURCE_ACCESS,gyeongju.go.kr/tour attraction LISTING pages verified as JavaScript-rendered: mnu=2266 (권역별관광지)=navigation_landing_no_it,gyeongju.go.kr/tour (target source — listing JS-rendered),,gyeongju.go.kr/tour browser-rendered listing crosswalk OR manual con_uid table required
35,gyeongju-GJ01-0038,gyeongju-GJ01-0038,화랑마을,,attraction,,경주시내권,경상북도 경주시 석장동 1272,False,HOLD_SOURCE_ACCESS,gyeongju.go.kr/tour attraction LISTING pages verified as JavaScript-rendered: mnu=2266 (권역별관광지)=navigation_landing_no_it,gyeongju.go.kr/tour (target source — listing JS-rendered),,gyeongju.go.kr/tour browser-rendered listing crosswalk OR manual con_uid table required
36,gyeongju-GJ01-0040,gyeongju-GJ01-0040,황룡사역사문화관,,attraction,,경주시내권,경상북도 경주시 임해로 64-19 (구황동),False,HOLD_SOURCE_ACCESS,gyeongju.go.kr/tour attraction LISTING pages verified as JavaScript-rendered: mnu=2266 (권역별관광지)=navigation_landing_no_it,"gyeongju.go.kr/tour (travel-info title match, description unavailable)",https://www.gyeongju.go.kr/tour/page.do?mnu_uid=2689,gyeongju.go.kr/tour browser-rendered listing crosswalk OR manual con_uid table required
37,gyeongju-GJ01-0041,gyeongju-GJ01-0041,황룡사지,,attraction,,경주시내권,경상북도 경주시 경주시 구황동 320-2,False,HOLD_SOURCE_ACCESS,gyeongju.go.kr/tour attraction LISTING pages verified as JavaScript-rendered: mnu=2266 (권역별관광지)=navigation_landing_no_it,gyeongju.go.kr/tour (target source — listing JS-rendered),,gyeongju.go.kr/tour browser-rendered listing crosswalk OR manual con_uid table required
38,gyeongju-GJ01-0042,gyeongju-GJ01-0042,황리단길,,attraction,,경주시내권,경상북도 경주시 포석로 1080 (황남동),False,HOLD_SOURCE_ACCESS,gyeongju.go.kr/tour attraction LISTING pages verified as JavaScript-rendered: mnu=2266 (권역별관광지)=navigation_landing_no_it,gyeongju.go.kr/tour (target source — listing JS-rendered),,gyeongju.go.kr/tour browser-rendered listing crosswalk OR manual con_uid table required
39,gyeongju-GJ01-0044,gyeongju-GJ01-0044,히어로 키즈파크,,attraction,,경주시내권,경상북도 경주시 강변로 200,False,HOLD_SOURCE_ACCESS,gyeongju.go.kr/tour attraction LISTING pages verified as JavaScript-rendered: mnu=2266 (권역별관광지)=navigation_landing_no_it,gyeongju.go.kr/tour (target source — listing JS-rendered),,gyeongju.go.kr/tour browser-rendered listing crosswalk OR manual con_uid table required
40,gyeongju-GJ01-0045,gyeongju-GJ01-0045,경상북도 산림환경 연구원,,attraction,,남산권,경상북도 경주시 통일로 367 (배반동),False,HOLD_SOURCE_ACCESS,gyeongju.go.kr/tour attraction LISTING pages verified as JavaScript-rendered: mnu=2266 (권역별관광지)=navigation_landing_no_it,gyeongju.go.kr/tour (target source — listing JS-rendered),,gyeongju.go.kr/tour browser-rendered listing crosswalk OR manual con_uid table required
41,gyeongju-GJ01-0046,gyeongju-GJ01-0046,경주 남산 늠비봉오층석탑,,attraction,,남산권,"경상북도 경주시 남산순환로 525-26, 부흥사 (배동)",False,HOLD_SOURCE_ACCESS,gyeongju.go.kr/tour attraction LISTING pages verified as JavaScript-rendered: mnu=2266 (권역별관광지)=navigation_landing_no_it,gyeongju.go.kr/tour (target source — listing JS-rendered),,gyeongju.go.kr/tour browser-rendered listing crosswalk OR manual con_uid table required
42,gyeongju-GJ01-0047,gyeongju-GJ01-0047,경주 남산 신선암 마애보살반가상,,attraction,,남산권,경상북도 경주시 칠불암길 201 (남산동),False,HOLD_SOURCE_ACCESS,gyeongju.go.kr/tour attraction LISTING pages verified as JavaScript-rendered: mnu=2266 (권역별관광지)=navigation_landing_no_it,gyeongju.go.kr/tour (target source — listing JS-rendered),,gyeongju.go.kr/tour browser-rendered listing crosswalk OR manual con_uid table required
43,gyeongju-GJ01-0048,gyeongju-GJ01-0048,경주 남산 용장사곡삼층석탑,,attraction,,남산권,경상북도 경주시 용장리 산 1-1,False,HOLD_SOURCE_ACCESS,gyeongju.go.kr/tour attraction LISTING pages verified as JavaScript-rendered: mnu=2266 (권역별관광지)=navigation_landing_no_it,gyeongju.go.kr/tour (target source — listing JS-rendered),,gyeongju.go.kr/tour browser-rendered listing crosswalk OR manual con_uid table required
44,gyeongju-GJ01-0049,gyeongju-GJ01-0049,나정,,attraction,,남산권,경상북도 경주시 탑동 700-1,False,HOLD_SOURCE_ACCESS,gyeongju.go.kr/tour attraction LISTING pages verified as JavaScript-rendered: mnu=2266 (권역별관광지)=navigation_landing_no_it,gyeongju.go.kr/tour (target source — listing JS-rendered),,gyeongju.go.kr/tour browser-rendered listing crosswalk OR manual con_uid table required
45,gyeongju-GJ01-0050,gyeongju-GJ01-0050,남산 불곡 마애여래좌상 (부처골 감실여래좌상),,attraction,,남산권,경상북도 경주시 인왕동 산56번지,False,HOLD_SOURCE_ACCESS,gyeongju.go.kr/tour attraction LISTING pages verified as JavaScript-rendered: mnu=2266 (권역별관광지)=navigation_landing_no_it,gyeongju.go.kr/tour (target source — listing JS-rendered),,gyeongju.go.kr/tour browser-rendered listing crosswalk OR manual con_uid table required
46,gyeongju-GJ01-0051,gyeongju-GJ01-0051,남산 탑곡 마애불상군,,attraction,,남산권,"경상북도 경주시 배반동 산 72, 산79",False,HOLD_SOURCE_ACCESS,gyeongju.go.kr/tour attraction LISTING pages verified as JavaScript-rendered: mnu=2266 (권역별관광지)=navigation_landing_no_it,gyeongju.go.kr/tour (target source — listing JS-rendered),,gyeongju.go.kr/tour browser-rendered listing crosswalk OR manual con_uid table required
47,gyeongju-GJ01-0052,gyeongju-GJ01-0052,남산탐방길,,attraction,,남산권,경상북도 경주시 교동 153-5,False,HOLD_SOURCE_ACCESS,gyeongju.go.kr/tour attraction LISTING pages verified as JavaScript-rendered: mnu=2266 (권역별관광지)=navigation_landing_no_it,gyeongju.go.kr/tour (target source — listing JS-rendered),,gyeongju.go.kr/tour browser-rendered listing crosswalk OR manual con_uid table required
48,gyeongju-GJ01-0053,gyeongju-GJ01-0053,보리사,,attraction,,남산권,경상북도 경주시 갯마을길 41-30,False,HOLD_SOURCE_ACCESS,gyeongju.go.kr/tour attraction LISTING pages verified as JavaScript-rendered: mnu=2266 (권역별관광지)=navigation_landing_no_it,gyeongju.go.kr/tour (target source — listing JS-rendered),,gyeongju.go.kr/tour browser-rendered listing crosswalk OR manual con_uid table required
49,gyeongju-GJ01-0054,gyeongju-GJ01-0054,삼릉,,attraction,,남산권,경상북도 경주시 배동 산73-1,False,HOLD_SOURCE_ACCESS,gyeongju.go.kr/tour attraction LISTING pages verified as JavaScript-rendered: mnu=2266 (권역별관광지)=navigation_landing_no_it,gyeongju.go.kr/tour (target source — listing JS-rendered),,gyeongju.go.kr/tour browser-rendered listing crosswalk OR manual con_uid table required
50,gyeongju-GJ01-0055,gyeongju-GJ01-0055,서출지,,attraction,,남산권,경상북도 경주시 남산1길 17,False,HOLD_SOURCE_ACCESS,gyeongju.go.kr/tour attraction LISTING pages verified as JavaScript-rendered: mnu=2266 (권역별관광지)=navigation_landing_no_it,gyeongju.go.kr/tour (target source — listing JS-rendered),,gyeongju.go.kr/tour browser-rendered listing crosswalk OR manual con_uid table required
51,gyeongju-GJ01-0056,gyeongju-GJ01-0056,오릉,,attraction,,남산권,경상북도 경주시 탑동 67-1,False,HOLD_SOURCE_ACCESS,gyeongju.go.kr/tour attraction LISTING pages verified as JavaScript-rendered: mnu=2266 (권역별관광지)=navigation_landing_no_it,gyeongju.go.kr/tour (target source — listing JS-rendered),,gyeongju.go.kr/tour browser-rendered listing crosswalk OR manual con_uid table required
52,gyeongju-GJ01-0057,gyeongju-GJ01-0057,용산서원,,attraction,,남산권,경상북도 경주시 내남면 포석로 110-34,False,HOLD_SOURCE_ACCESS,gyeongju.go.kr/tour attraction LISTING pages verified as JavaScript-rendered: mnu=2266 (권역별관광지)=navigation_landing_no_it,gyeongju.go.kr/tour (target source — listing JS-rendered),,gyeongju.go.kr/tour browser-rendered listing crosswalk OR manual con_uid table required
53,gyeongju-GJ01-0058,gyeongju-GJ01-0058,충의당,,attraction,,남산권,경상북도 경주시 내남면 이조3길 28-17,False,HOLD_SOURCE_ACCESS,gyeongju.go.kr/tour attraction LISTING pages verified as JavaScript-rendered: mnu=2266 (권역별관광지)=navigation_landing_no_it,gyeongju.go.kr/tour (target source — listing JS-rendered),,gyeongju.go.kr/tour browser-rendered listing crosswalk OR manual con_uid table required
54,gyeongju-GJ01-0059,gyeongju-GJ01-0059,칠불암,,attraction,,남산권,경상북도 경주시 칠불암길 201 (남산동),False,HOLD_SOURCE_ACCESS,gyeongju.go.kr/tour attraction LISTING pages verified as JavaScript-rendered: mnu=2266 (권역별관광지)=navigation_landing_no_it,gyeongju.go.kr/tour (target source — listing JS-rendered),,gyeongju.go.kr/tour browser-rendered listing crosswalk OR manual con_uid table required
55,gyeongju-GJ01-0060,gyeongju-GJ01-0060,통일전,,attraction,,남산권,경상북도 경주시 칠불암길 6,False,HOLD_SOURCE_ACCESS,gyeongju.go.kr/tour attraction LISTING pages verified as JavaScript-rendered: mnu=2266 (권역별관광지)=navigation_landing_no_it,gyeongju.go.kr/tour (target source — listing JS-rendered),,gyeongju.go.kr/tour browser-rendered listing crosswalk OR manual con_uid table required
56,gyeongju-GJ01-0061,gyeongju-GJ01-0061,통일전 은행나무길,,attraction,,남산권,경상북도 경주시 칠불암길 6(통일전),False,HOLD_SOURCE_ACCESS,gyeongju.go.kr/tour attraction LISTING pages verified as JavaScript-rendered: mnu=2266 (권역별관광지)=navigation_landing_no_it,gyeongju.go.kr/tour (target source — listing JS-rendered),,gyeongju.go.kr/tour browser-rendered listing crosswalk OR manual con_uid table required
57,gyeongju-GJ01-0062,gyeongju-GJ01-0062,포석정,,attraction,,남산권,경상북도 경주시 배동 454-1,False,HOLD_SOURCE_ACCESS,gyeongju.go.kr/tour attraction LISTING pages verified as JavaScript-rendered: mnu=2266 (권역별관광지)=navigation_landing_no_it,gyeongju.go.kr/tour (target source — listing JS-rendered),,gyeongju.go.kr/tour browser-rendered listing crosswalk OR manual con_uid table required
58,gyeongju-GJ01-0063,gyeongju-GJ01-0063,헌강왕릉과 정강왕릉,,attraction,,남산권,경상북도 경주시 남산동 산 55,False,HOLD_SOURCE_ACCESS,gyeongju.go.kr/tour attraction LISTING pages verified as JavaScript-rendered: mnu=2266 (권역별관광지)=navigation_landing_no_it,gyeongju.go.kr/tour (target source — listing JS-rendered),,gyeongju.go.kr/tour browser-rendered listing crosswalk OR manual con_uid table required
59,gyeongju-GJ01-0064,gyeongju-GJ01-0064,감포공설시장,,attraction,,동해권,경상북도 경주시 감포읍 감포로 115,False,HOLD_SOURCE_ACCESS,gyeongju.go.kr/tour attraction LISTING pages verified as JavaScript-rendered: mnu=2266 (권역별관광지)=navigation_landing_no_it,gyeongju.go.kr/tour (target source — listing JS-rendered),,gyeongju.go.kr/tour browser-rendered listing crosswalk OR manual con_uid table required
60,gyeongju-GJ01-0066,gyeongju-GJ01-0066,감포해국길,,attraction,,동해권,경상북도 경주시 감포읍 감포로 119-6,False,HOLD_SOURCE_ACCESS,gyeongju.go.kr/tour attraction LISTING pages verified as JavaScript-rendered: mnu=2266 (권역별관광지)=navigation_landing_no_it,gyeongju.go.kr/tour (target source — listing JS-rendered),,gyeongju.go.kr/tour browser-rendered listing crosswalk OR manual con_uid table required
61,gyeongju-GJ01-0067,gyeongju-GJ01-0067,경주 감은사지,,attraction,,동해권,경상북도 경주시 문무대왕면 용당리 55-9,False,HOLD_SOURCE_ACCESS,gyeongju.go.kr/tour attraction LISTING pages verified as JavaScript-rendered: mnu=2266 (권역별관광지)=navigation_landing_no_it,gyeongju.go.kr/tour (target source — listing JS-rendered),,gyeongju.go.kr/tour browser-rendered listing crosswalk OR manual con_uid table required
62,gyeongju-GJ01-0068,gyeongju-GJ01-0068,경주 양남 주상절리,,attraction,,동해권,경상북도 경주시 양남면 양남항구길 14-3,False,HOLD_SOURCE_ACCESS,gyeongju.go.kr/tour attraction LISTING pages verified as JavaScript-rendered: mnu=2266 (권역별관광지)=navigation_landing_no_it,gyeongju.go.kr/tour (target source — listing JS-rendered),,gyeongju.go.kr/tour browser-rendered listing crosswalk OR manual con_uid table required
63,gyeongju-GJ01-0069,gyeongju-GJ01-0069,경주 이견대,,attraction,,동해권,경상북도 경주시 감포읍 동해안로 1480-12,False,HOLD_SOURCE_ACCESS,gyeongju.go.kr/tour attraction LISTING pages verified as JavaScript-rendered: mnu=2266 (권역별관광지)=navigation_landing_no_it,gyeongju.go.kr/tour (target source — listing JS-rendered),,gyeongju.go.kr/tour browser-rendered listing crosswalk OR manual con_uid table required
64,gyeongju-GJ01-0070,gyeongju-GJ01-0070,경주 주상절리 전망대,,attraction,,동해권,경상북도 경주시 양남면 동해안로 498-13,False,HOLD_SOURCE_ACCESS,gyeongju.go.kr/tour attraction LISTING pages verified as JavaScript-rendered: mnu=2266 (권역별관광지)=navigation_landing_no_it,gyeongju.go.kr/tour (target source — listing JS-rendered),,gyeongju.go.kr/tour browser-rendered listing crosswalk OR manual con_uid table required
65,gyeongju-GJ01-0071,gyeongju-GJ01-0071,골굴사,,attraction,,동해권,경상북도 경주시 문무대왕면 기림로 105-5,False,HOLD_SOURCE_ACCESS,gyeongju.go.kr/tour attraction LISTING pages verified as JavaScript-rendered: mnu=2266 (권역별관광지)=navigation_landing_no_it,gyeongju.go.kr/tour (target source — listing JS-rendered),,gyeongju.go.kr/tour browser-rendered listing crosswalk OR manual con_uid table required
66,gyeongju-GJ01-0072,gyeongju-GJ01-0072,관성솔밭해변,,attraction,,동해권,경상북도 경주시 양남면 양남로 68-24,False,HOLD_SOURCE_ACCESS,gyeongju.go.kr/tour attraction LISTING pages verified as JavaScript-rendered: mnu=2266 (권역별관광지)=navigation_landing_no_it,gyeongju.go.kr/tour (target source — listing JS-rendered),,gyeongju.go.kr/tour browser-rendered listing crosswalk OR manual con_uid table required
67,gyeongju-GJ01-0073,gyeongju-GJ01-0073,기림사,,attraction,,동해권,경상북도 경주시 문무대왕면 기림로 437-17,False,HOLD_SOURCE_ACCESS,gyeongju.go.kr/tour attraction LISTING pages verified as JavaScript-rendered: mnu=2266 (권역별관광지)=navigation_landing_no_it,gyeongju.go.kr/tour (target source — listing JS-rendered),,gyeongju.go.kr/tour browser-rendered listing crosswalk OR manual con_uid table required
68,gyeongju-GJ01-0074,gyeongju-GJ01-0074,나정고운모래해변,,attraction,,동해권,경상북도 경주시 감포읍 동해안로 1915,False,HOLD_SOURCE_ACCESS,gyeongju.go.kr/tour attraction LISTING pages verified as JavaScript-rendered: mnu=2266 (권역별관광지)=navigation_landing_no_it,gyeongju.go.kr/tour (target source — listing JS-rendered),,gyeongju.go.kr/tour browser-rendered listing crosswalk OR manual con_uid table required
69,gyeongju-GJ01-0075,gyeongju-GJ01-0075,문무대왕릉,,attraction,,동해권,경상북도 경주시 문무대왕면 봉길리 26,False,HOLD_SOURCE_ACCESS,gyeongju.go.kr/tour attraction LISTING pages verified as JavaScript-rendered: mnu=2266 (권역별관광지)=navigation_landing_no_it,"gyeongju.go.kr/tour (travel-info title match, description unavailable)",https://www.gyeongju.go.kr/tour/page.do?mnu_uid=2689,gyeongju.go.kr/tour browser-rendered listing crosswalk OR manual con_uid table required
70,gyeongju-GJ01-0077,gyeongju-GJ01-0077,봉길대왕암해변,,attraction,,동해권,경상북도 경주시 문무대왕면 봉길해안길,False,HOLD_SOURCE_ACCESS,gyeongju.go.kr/tour attraction LISTING pages verified as JavaScript-rendered: mnu=2266 (권역별관광지)=navigation_landing_no_it,gyeongju.go.kr/tour (target source — listing JS-rendered),,gyeongju.go.kr/tour browser-rendered listing crosswalk OR manual con_uid table required
71,gyeongju-GJ01-0079,gyeongju-GJ01-0079,오류고아라해변,,attraction,,동해권,경상북도 경주시 감포읍 오류리 277-8,False,HOLD_SOURCE_ACCESS,gyeongju.go.kr/tour attraction LISTING pages verified as JavaScript-rendered: mnu=2266 (권역별관광지)=navigation_landing_no_it,gyeongju.go.kr/tour (target source — listing JS-rendered),,gyeongju.go.kr/tour browser-rendered listing crosswalk OR manual con_uid table required
72,gyeongju-GJ01-0080,gyeongju-GJ01-0080,오류캠핑장,,attraction,,동해권,경상북도 경주시 감포읍 감포로 382-7,False,HOLD_SOURCE_ACCESS,gyeongju.go.kr/tour attraction LISTING pages verified as JavaScript-rendered: mnu=2266 (권역별관광지)=navigation_landing_no_it,gyeongju.go.kr/tour (target source — listing JS-rendered),,gyeongju.go.kr/tour browser-rendered listing crosswalk OR manual con_uid table required
73,gyeongju-GJ01-0082,gyeongju-GJ01-0082,"전촌 용굴(사룡굴, 단용굴)",,attraction,,동해권,경상북도 경주시 감포읍 장진길 39,False,HOLD_SOURCE_ACCESS,gyeongju.go.kr/tour attraction LISTING pages verified as JavaScript-rendered: mnu=2266 (권역별관광지)=navigation_landing_no_it,gyeongju.go.kr/tour (target source — listing JS-rendered),,gyeongju.go.kr/tour browser-rendered listing crosswalk OR manual con_uid table required
74,gyeongju-GJ01-0083,gyeongju-GJ01-0083,전촌솔밭해변,,attraction,,동해권,경상북도 경주시 감포읍 동해안로 2002-3,False,HOLD_SOURCE_ACCESS,gyeongju.go.kr/tour attraction LISTING pages verified as JavaScript-rendered: mnu=2266 (권역별관광지)=navigation_landing_no_it,gyeongju.go.kr/tour (target source — listing JS-rendered),,gyeongju.go.kr/tour browser-rendered listing crosswalk OR manual con_uid table required
75,gyeongju-GJ01-0084,gyeongju-GJ01-0084,전촌항,,attraction,,동해권,경상북도 경주시 감포읍 전촌리 1245-11,False,HOLD_SOURCE_ACCESS,gyeongju.go.kr/tour attraction LISTING pages verified as JavaScript-rendered: mnu=2266 (권역별관광지)=navigation_landing_no_it,gyeongju.go.kr/tour (target source — listing JS-rendered),,gyeongju.go.kr/tour browser-rendered listing crosswalk OR manual con_uid table required
76,gyeongju-GJ01-0085,gyeongju-GJ01-0085,전통명주 전시관,,attraction,,동해권,"경상북도 경주시 문무대왕면 명주길 154, 전통명주전시관",False,HOLD_SOURCE_ACCESS,gyeongju.go.kr/tour attraction LISTING pages verified as JavaScript-rendered: mnu=2266 (권역별관광지)=navigation_landing_no_it,gyeongju.go.kr/tour (target source — listing JS-rendered),,gyeongju.go.kr/tour browser-rendered listing crosswalk OR manual con_uid table required
77,gyeongju-GJ01-0086,gyeongju-GJ01-0086,코라드 청정누리공원,,attraction,,동해권,경상북도 경주시 문무대왕면 동해안로 1249,False,HOLD_SOURCE_ACCESS,gyeongju.go.kr/tour attraction LISTING pages verified as JavaScript-rendered: mnu=2266 (권역별관광지)=navigation_landing_no_it,gyeongju.go.kr/tour (target source — listing JS-rendered),,gyeongju.go.kr/tour browser-rendered listing crosswalk OR manual con_uid table required
78,gyeongju-GJ01-0088,gyeongju-GJ01-0088,경주 동궁원,,attraction,,보문관광단지권,경상북도 경주시 보문로 74-14,False,HOLD_SOURCE_ACCESS,gyeongju.go.kr/tour attraction LISTING pages verified as JavaScript-rendered: mnu=2266 (권역별관광지)=navigation_landing_no_it,gyeongju.go.kr/tour (target source — listing JS-rendered),,gyeongju.go.kr/tour browser-rendered listing crosswalk OR manual con_uid table required
79,gyeongju-GJ01-0089,gyeongju-GJ01-0089,경주 명활성,,attraction,,보문관광단지권,경상북도 경주시 천군동 산 334,False,HOLD_SOURCE_ACCESS,gyeongju.go.kr/tour attraction LISTING pages verified as JavaScript-rendered: mnu=2266 (권역별관광지)=navigation_landing_no_it,gyeongju.go.kr/tour (target source — listing JS-rendered),,gyeongju.go.kr/tour browser-rendered listing crosswalk OR manual con_uid table required
80,gyeongju-GJ01-0091,gyeongju-GJ01-0091,경주 엑스포대공원,,attraction,,보문관광단지권,경상북도 경주시 경감로 614 (천군동),False,HOLD_SOURCE_ACCESS,gyeongju.go.kr/tour attraction LISTING pages verified as JavaScript-rendered: mnu=2266 (권역별관광지)=navigation_landing_no_it,gyeongju.go.kr/tour (target source — listing JS-rendered),,gyeongju.go.kr/tour browser-rendered listing crosswalk OR manual con_uid table required
81,gyeongju-GJ01-0092,gyeongju-GJ01-0092,경주생활체육공원,,attraction,,보문관광단지권,경상북도 경주시 손곡동 519-1번지,False,HOLD_SOURCE_ACCESS,gyeongju.go.kr/tour attraction LISTING pages verified as JavaScript-rendered: mnu=2266 (권역별관광지)=navigation_landing_no_it,gyeongju.go.kr/tour (target source — listing JS-rendered),,gyeongju.go.kr/tour browser-rendered listing crosswalk OR manual con_uid table required
82,gyeongju-GJ01-0093,gyeongju-GJ01-0093,경주세계자동차박물관,,attraction,,보문관광단지권,경상북도 경주시 보문로 132-22 (북군동),False,HOLD_SOURCE_ACCESS,gyeongju.go.kr/tour attraction LISTING pages verified as JavaScript-rendered: mnu=2266 (권역별관광지)=navigation_landing_no_it,gyeongju.go.kr/tour (target source — listing JS-rendered),,gyeongju.go.kr/tour browser-rendered listing crosswalk OR manual con_uid table required
83,gyeongju-GJ01-0094,gyeongju-GJ01-0094,경주월드,,attraction,,보문관광단지권,"경상북도 경주시 보문로 544, 경주월드 (천군동)",False,HOLD_SOURCE_ACCESS,gyeongju.go.kr/tour attraction LISTING pages verified as JavaScript-rendered: mnu=2266 (권역별관광지)=navigation_landing_no_it,gyeongju.go.kr/tour (target source — listing JS-rendered),,gyeongju.go.kr/tour browser-rendered listing crosswalk OR manual con_uid table required
84,gyeongju-GJ01-0095,gyeongju-GJ01-0095,경주타워,,attraction,,보문관광단지권,경상북도 경주시 경감로 614 (천군동),False,HOLD_SOURCE_ACCESS,gyeongju.go.kr/tour attraction LISTING pages verified as JavaScript-rendered: mnu=2266 (권역별관광지)=navigation_landing_no_it,gyeongju.go.kr/tour (target source — listing JS-rendered),,gyeongju.go.kr/tour browser-rendered listing crosswalk OR manual con_uid table required
85,gyeongju-GJ01-0097,gyeongju-GJ01-0097,동대봉산 무장봉(억새군락지),,attraction,,보문관광단지권,경상북도 경주시 보덕로 478-1 (암곡동),False,HOLD_SOURCE_ACCESS,gyeongju.go.kr/tour attraction LISTING pages verified as JavaScript-rendered: mnu=2266 (권역별관광지)=navigation_landing_no_it,gyeongju.go.kr/tour (target source — listing JS-rendered),,gyeongju.go.kr/tour browser-rendered listing crosswalk OR manual con_uid table required
86,gyeongju-GJ01-0098,gyeongju-GJ01-0098,물너울교와 물너울공원,,attraction,,보문관광단지권,경상북도 경주시 북군동 236-17,False,HOLD_SOURCE_ACCESS,gyeongju.go.kr/tour attraction LISTING pages verified as JavaScript-rendered: mnu=2266 (권역별관광지)=navigation_landing_no_it,gyeongju.go.kr/tour (target source — listing JS-rendered),,gyeongju.go.kr/tour browser-rendered listing crosswalk OR manual con_uid table required
87,gyeongju-GJ01-0099,gyeongju-GJ01-0099,보문 물레방아 광장,,attraction,,보문관광단지권,경상북도 경주시 보문로 280-34 (북군동),False,HOLD_SOURCE_ACCESS,gyeongju.go.kr/tour attraction LISTING pages verified as JavaScript-rendered: mnu=2266 (권역별관광지)=navigation_landing_no_it,gyeongju.go.kr/tour (target source — listing JS-rendered),,gyeongju.go.kr/tour browser-rendered listing crosswalk OR manual con_uid table required
88,gyeongju-GJ01-0100,gyeongju-GJ01-0100,보문관광단지,,attraction,,보문관광단지권,경상북도 경주시 신평동 375,False,HOLD_SOURCE_ACCESS,gyeongju.go.kr/tour attraction LISTING pages verified as JavaScript-rendered: mnu=2266 (권역별관광지)=navigation_landing_no_it,gyeongju.go.kr/tour (target source — listing JS-rendered),,gyeongju.go.kr/tour browser-rendered listing crosswalk OR manual con_uid table required
89,gyeongju-GJ01-0101,gyeongju-GJ01-0101,보문정,,attraction,,보문관광단지권,경상북도 경주시 신평동 150-1,False,HOLD_SOURCE_ACCESS,gyeongju.go.kr/tour attraction LISTING pages verified as JavaScript-rendered: mnu=2266 (권역별관광지)=navigation_landing_no_it,gyeongju.go.kr/tour (target source — listing JS-rendered),,gyeongju.go.kr/tour browser-rendered listing crosswalk OR manual con_uid table required
90,gyeongju-GJ01-0103,gyeongju-GJ01-0103,보문호반길,,attraction,,보문관광단지권,경상북도 경주시 신평동 719-203,False,HOLD_SOURCE_ACCESS,gyeongju.go.kr/tour attraction LISTING pages verified as JavaScript-rendered: mnu=2266 (권역별관광지)=navigation_landing_no_it,"gyeongju.go.kr/tour (travel-info title match, description unavailable)",https://www.gyeongju.go.kr/tour/page.do?mnu_uid=2689,gyeongju.go.kr/tour browser-rendered listing crosswalk OR manual con_uid table required
91,gyeongju-GJ01-0105,gyeongju-GJ01-0105,뽀로로 아쿠아빌리지,,attraction,,보문관광단지권,경상북도 경주시 보문로 182-27 (북군동),False,HOLD_SOURCE_ACCESS,gyeongju.go.kr/tour attraction LISTING pages verified as JavaScript-rendered: mnu=2266 (권역별관광지)=navigation_landing_no_it,gyeongju.go.kr/tour (target source — listing JS-rendered),,gyeongju.go.kr/tour browser-rendered listing crosswalk OR manual con_uid table required
92,gyeongju-GJ01-0106,gyeongju-GJ01-0106,소노벨 경주 오션플레이,,attraction,,보문관광단지권,경상북도 경주시 보문로 402-12 대명리조트 경주,False,HOLD_SOURCE_ACCESS,gyeongju.go.kr/tour attraction LISTING pages verified as JavaScript-rendered: mnu=2266 (권역별관광지)=navigation_landing_no_it,gyeongju.go.kr/tour (target source — listing JS-rendered),,gyeongju.go.kr/tour browser-rendered listing crosswalk OR manual con_uid table required
93,gyeongju-GJ01-0107,gyeongju-GJ01-0107,솔거미술관,,attraction,,보문관광단지권,경상북도 경주시 경감로 614,False,HOLD_SOURCE_ACCESS,gyeongju.go.kr/tour attraction LISTING pages verified as JavaScript-rendered: mnu=2266 (권역별관광지)=navigation_landing_no_it,gyeongju.go.kr/tour (target source — listing JS-rendered),,gyeongju.go.kr/tour browser-rendered listing crosswalk OR manual con_uid table required
94,gyeongju-GJ01-0109,gyeongju-GJ01-0109,애니멀테마파크 주렁주렁,,attraction,,보문관광단지권,경상북도 경주시 엑스포로 80 (천군동 157-3),False,HOLD_SOURCE_ACCESS,gyeongju.go.kr/tour attraction LISTING pages verified as JavaScript-rendered: mnu=2266 (권역별관광지)=navigation_landing_no_it,gyeongju.go.kr/tour (target source — listing JS-rendered),,gyeongju.go.kr/tour browser-rendered listing crosswalk OR manual con_uid table required
95,gyeongju-GJ01-0110,gyeongju-GJ01-0110,우양미술관,,attraction,,보문관광단지권,경상북도 경주시 보문로 484-7 (신평동),False,HOLD_SOURCE_ACCESS,gyeongju.go.kr/tour attraction LISTING pages verified as JavaScript-rendered: mnu=2266 (권역별관광지)=navigation_landing_no_it,gyeongju.go.kr/tour (target source — listing JS-rendered),,gyeongju.go.kr/tour browser-rendered listing crosswalk OR manual con_uid table required
96,gyeongju-GJ01-0114,gyeongju-GJ01-0114,진평왕릉,,attraction,,보문관광단지권,경상북도 경주시 보문동 608,False,HOLD_SOURCE_ACCESS,gyeongju.go.kr/tour attraction LISTING pages verified as JavaScript-rendered: mnu=2266 (권역별관광지)=navigation_landing_no_it,gyeongju.go.kr/tour (target source — listing JS-rendered),,gyeongju.go.kr/tour browser-rendered listing crosswalk OR manual con_uid table required
97,gyeongju-GJ01-0116,gyeongju-GJ01-0116,캘리포니아비치,,attraction,,보문관광단지권,경상북도 경주시 보문로 544 (천군동),False,HOLD_SOURCE_ACCESS,gyeongju.go.kr/tour attraction LISTING pages verified as JavaScript-rendered: mnu=2266 (권역별관광지)=navigation_landing_no_it,gyeongju.go.kr/tour (target source — listing JS-rendered),,gyeongju.go.kr/tour browser-rendered listing crosswalk OR manual con_uid table required
98,gyeongju-GJ01-0117,gyeongju-GJ01-0117,키덜트 뮤지엄,,attraction,,보문관광단지권,경상북도 경주시 보문로 132-16번지 콜로세움,False,HOLD_SOURCE_ACCESS,gyeongju.go.kr/tour attraction LISTING pages verified as JavaScript-rendered: mnu=2266 (권역별관광지)=navigation_landing_no_it,gyeongju.go.kr/tour (target source — listing JS-rendered),,gyeongju.go.kr/tour browser-rendered listing crosswalk OR manual con_uid table required
99,gyeongju-GJ01-0119,gyeongju-GJ01-0119,한국대중음악박물관,,attraction,,보문관광단지권,경상북도 경주시 엑스포로 9,False,HOLD_SOURCE_ACCESS,gyeongju.go.kr/tour attraction LISTING pages verified as JavaScript-rendered: mnu=2266 (권역별관광지)=navigation_landing_no_it,"gyeongju.go.kr/tour (travel-info title match, description unavailable)",https://www.gyeongju.go.kr/tour/page.do?mnu_uid=2689,gyeongju.go.kr/tour browser-rendered listing crosswalk OR manual con_uid table required
100,gyeongju-GJ01-0120,gyeongju-GJ01-0120,경주 원성왕릉(괘릉),,attraction,,불국사권,경상북도 경주시 외동읍 괘릉리 산 17,False,HOLD_SOURCE_ACCESS,gyeongju.go.kr/tour attraction LISTING pages verified as JavaScript-rendered: mnu=2266 (권역별관광지)=navigation_landing_no_it,gyeongju.go.kr/tour (target source — listing JS-rendered),,gyeongju.go.kr/tour browser-rendered listing crosswalk OR manual con_uid table required
101,gyeongju-GJ01-0121,gyeongju-GJ01-0121,경주 풍력발전(바람의언덕),,attraction,,불국사권,경상북도 경주시 문무대왕면 불국로 1056-185,False,HOLD_SOURCE_ACCESS,gyeongju.go.kr/tour attraction LISTING pages verified as JavaScript-rendered: mnu=2266 (권역별관광지)=navigation_landing_no_it,gyeongju.go.kr/tour (target source — listing JS-rendered),,gyeongju.go.kr/tour browser-rendered listing crosswalk OR manual con_uid table required
102,gyeongju-GJ01-0123,gyeongju-GJ01-0123,동리목월문학관,,attraction,,불국사권,경상북도 경주시 불국로 406-3 (진현동),False,HOLD_SOURCE_ACCESS,gyeongju.go.kr/tour attraction LISTING pages verified as JavaScript-rendered: mnu=2266 (권역별관광지)=navigation_landing_no_it,"gyeongju.go.kr/tour (travel-info title match, description unavailable)",https://www.gyeongju.go.kr/tour/page.do?mnu_uid=2689,gyeongju.go.kr/tour browser-rendered listing crosswalk OR manual con_uid table required
103,gyeongju-GJ01-0124,gyeongju-GJ01-0124,민속공예촌,,attraction,,불국사권,경상북도 경주시 보불로 230 (하동),False,HOLD_SOURCE_ACCESS,gyeongju.go.kr/tour attraction LISTING pages verified as JavaScript-rendered: mnu=2266 (권역별관광지)=navigation_landing_no_it,gyeongju.go.kr/tour (target source — listing JS-rendered),,gyeongju.go.kr/tour browser-rendered listing crosswalk OR manual con_uid table required
104,gyeongju-GJ01-0125,gyeongju-GJ01-0125,불국사,,attraction,,불국사권,경상북도 경주시 진현동 산15,False,HOLD_SOURCE_ACCESS,gyeongju.go.kr/tour attraction LISTING pages verified as JavaScript-rendered: mnu=2266 (권역별관광지)=navigation_landing_no_it,gyeongju.go.kr/tour (target source — listing JS-rendered),,gyeongju.go.kr/tour browser-rendered listing crosswalk OR manual con_uid table required
105,gyeongju-GJ01-0126,gyeongju-GJ01-0126,불국사 박물관,,attraction,,불국사권,경상북도 경주시 불국로 385,False,HOLD_SOURCE_ACCESS,gyeongju.go.kr/tour attraction LISTING pages verified as JavaScript-rendered: mnu=2266 (권역별관광지)=navigation_landing_no_it,gyeongju.go.kr/tour (target source — listing JS-rendered),,gyeongju.go.kr/tour browser-rendered listing crosswalk OR manual con_uid table required
106,gyeongju-GJ01-0127,gyeongju-GJ01-0127,석굴암,,attraction,,불국사권,경상북도 경주시 불국로 873-243 (진현동),False,HOLD_SOURCE_ACCESS,gyeongju.go.kr/tour attraction LISTING pages verified as JavaScript-rendered: mnu=2266 (권역별관광지)=navigation_landing_no_it,gyeongju.go.kr/tour (target source — listing JS-rendered),,gyeongju.go.kr/tour browser-rendered listing crosswalk OR manual con_uid table required
107,gyeongju-GJ01-0128,gyeongju-GJ01-0128,신라역사과학관,,attraction,,불국사권,"경상북도 경주시 하동공예촌길 33, 신라역사과학관 (하동)",False,HOLD_SOURCE_ACCESS,gyeongju.go.kr/tour attraction LISTING pages verified as JavaScript-rendered: mnu=2266 (권역별관광지)=navigation_landing_no_it,gyeongju.go.kr/tour (target source — listing JS-rendered),,gyeongju.go.kr/tour browser-rendered listing crosswalk OR manual con_uid table required
108,gyeongju-GJ01-0130,gyeongju-GJ01-0130,추억의 달동네,,attraction,,불국사권,경상북도 경주시 보불로 216-8 (하동),False,HOLD_SOURCE_ACCESS,gyeongju.go.kr/tour attraction LISTING pages verified as JavaScript-rendered: mnu=2266 (권역별관광지)=navigation_landing_no_it,gyeongju.go.kr/tour (target source — listing JS-rendered),,gyeongju.go.kr/tour browser-rendered listing crosswalk OR manual con_uid table required
109,gyeongju-GJ01-0131,gyeongju-GJ01-0131,토함산,,attraction,,불국사권,경상북도 경주시 진현동 973-8,False,HOLD_SOURCE_ACCESS,gyeongju.go.kr/tour attraction LISTING pages verified as JavaScript-rendered: mnu=2266 (권역별관광지)=navigation_landing_no_it,gyeongju.go.kr/tour (target source — listing JS-rendered),,gyeongju.go.kr/tour browser-rendered listing crosswalk OR manual con_uid table required
110,gyeongju-GJ01-0132,gyeongju-GJ01-0132,건천 편백나무숲,,attraction,,서악북부권,경상북도 경주시 건천읍 송선리 535-2번지(400m),False,HOLD_SOURCE_ACCESS,gyeongju.go.kr/tour attraction LISTING pages verified as JavaScript-rendered: mnu=2266 (권역별관광지)=navigation_landing_no_it,gyeongju.go.kr/tour (target source — listing JS-rendered),,gyeongju.go.kr/tour browser-rendered listing crosswalk OR manual con_uid table required
111,gyeongju-GJ01-0134,gyeongju-GJ01-0134,구미산,,attraction,,서악북부권,경상북도 경주시 현곡면 상구리 산 81,False,HOLD_SOURCE_ACCESS,gyeongju.go.kr/tour attraction LISTING pages verified as JavaScript-rendered: mnu=2266 (권역별관광지)=navigation_landing_no_it,gyeongju.go.kr/tour (target source — listing JS-rendered),,gyeongju.go.kr/tour browser-rendered listing crosswalk OR manual con_uid table required
112,gyeongju-GJ01-0135,gyeongju-GJ01-0135,김유신장군묘,,attraction,,서악북부권,경상북도 경주시 충효동 산 7-1,False,HOLD_SOURCE_ACCESS,gyeongju.go.kr/tour attraction LISTING pages verified as JavaScript-rendered: mnu=2266 (권역별관광지)=navigation_landing_no_it,gyeongju.go.kr/tour (target source — listing JS-rendered),,gyeongju.go.kr/tour browser-rendered listing crosswalk OR manual con_uid table required
113,gyeongju-GJ01-0136,gyeongju-GJ01-0136,누군가의책방,,attraction,,서악북부권,경상북도 경주시 서악2길 32-16,False,HOLD_SOURCE_ACCESS,gyeongju.go.kr/tour attraction LISTING pages verified as JavaScript-rendered: mnu=2266 (권역별관광지)=navigation_landing_no_it,gyeongju.go.kr/tour (target source — listing JS-rendered),,gyeongju.go.kr/tour browser-rendered listing crosswalk OR manual con_uid table required
114,gyeongju-GJ01-0137,gyeongju-GJ01-0137,도리마을 은행나무숲,,attraction,,서악북부권,경상북도 경주시 서면 도리(도리1리),False,HOLD_SOURCE_ACCESS,gyeongju.go.kr/tour attraction LISTING pages verified as JavaScript-rendered: mnu=2266 (권역별관광지)=navigation_landing_no_it,gyeongju.go.kr/tour (target source — listing JS-rendered),,gyeongju.go.kr/tour browser-rendered listing crosswalk OR manual con_uid table required
115,gyeongju-GJ01-0138,gyeongju-GJ01-0138,독락당,,attraction,,서악북부권,경상북도 경주시 안강읍 옥산서원길 300-3,False,HOLD_SOURCE_ACCESS,gyeongju.go.kr/tour attraction LISTING pages verified as JavaScript-rendered: mnu=2266 (권역별관광지)=navigation_landing_no_it,gyeongju.go.kr/tour (target source — listing JS-rendered),,gyeongju.go.kr/tour browser-rendered listing crosswalk OR manual con_uid table required
116,gyeongju-GJ01-0140,gyeongju-GJ01-0140,무열왕릉,,attraction,,서악북부권,경상북도 경주시 서악동 842,False,HOLD_SOURCE_ACCESS,gyeongju.go.kr/tour attraction LISTING pages verified as JavaScript-rendered: mnu=2266 (권역별관광지)=navigation_landing_no_it,gyeongju.go.kr/tour (target source — listing JS-rendered),,gyeongju.go.kr/tour browser-rendered listing crosswalk OR manual con_uid table required
117,gyeongju-GJ01-0141,gyeongju-GJ01-0141,박목월 생가,,attraction,,서악북부권,경상북도 경주시 건천읍 행정길 61,False,HOLD_SOURCE_ACCESS,gyeongju.go.kr/tour attraction LISTING pages verified as JavaScript-rendered: mnu=2266 (권역별관광지)=navigation_landing_no_it,gyeongju.go.kr/tour (target source — listing JS-rendered),,gyeongju.go.kr/tour browser-rendered listing crosswalk OR manual con_uid table required
118,gyeongju-GJ01-0142,gyeongju-GJ01-0142,산내 동창천,,attraction,,서악북부권,경상북도 경주시 산내면 내일리 1782-1,False,HOLD_SOURCE_ACCESS,gyeongju.go.kr/tour attraction LISTING pages verified as JavaScript-rendered: mnu=2266 (권역별관광지)=navigation_landing_no_it,gyeongju.go.kr/tour (target source — listing JS-rendered),,gyeongju.go.kr/tour browser-rendered listing crosswalk OR manual con_uid table required
119,gyeongju-GJ01-0144,gyeongju-GJ01-0144,서악서원,,attraction,,서악북부권,경상북도 경주시 서악2길 23 (서악동),False,HOLD_SOURCE_ACCESS,gyeongju.go.kr/tour attraction LISTING pages verified as JavaScript-rendered: mnu=2266 (권역별관광지)=navigation_landing_no_it,gyeongju.go.kr/tour (target source — listing JS-rendered),,gyeongju.go.kr/tour browser-rendered listing crosswalk OR manual con_uid table required
120,gyeongju-GJ01-0145,gyeongju-GJ01-0145,선도산,,attraction,,서악북부권,경상북도 경주시 효현동 산 75-2,False,HOLD_SOURCE_ACCESS,gyeongju.go.kr/tour attraction LISTING pages verified as JavaScript-rendered: mnu=2266 (권역별관광지)=navigation_landing_no_it,gyeongju.go.kr/tour (target source — listing JS-rendered),,gyeongju.go.kr/tour browser-rendered listing crosswalk OR manual con_uid table required
121,gyeongju-GJ01-0146,gyeongju-GJ01-0146,송화산(옥녀봉),,attraction,,서악북부권,경상북도 경주시 충효동 1-3,False,HOLD_SOURCE_ACCESS,gyeongju.go.kr/tour attraction LISTING pages verified as JavaScript-rendered: mnu=2266 (권역별관광지)=navigation_landing_no_it,gyeongju.go.kr/tour (target source — listing JS-rendered),,gyeongju.go.kr/tour browser-rendered listing crosswalk OR manual con_uid table required
122,gyeongju-GJ01-0147,gyeongju-GJ01-0147,양동마을,,attraction,,서악북부권,경상북도 경주시 강동면 양동마을길 138-18,False,HOLD_SOURCE_ACCESS,gyeongju.go.kr/tour attraction LISTING pages verified as JavaScript-rendered: mnu=2266 (권역별관광지)=navigation_landing_no_it,gyeongju.go.kr/tour (target source — listing JS-rendered),,gyeongju.go.kr/tour browser-rendered listing crosswalk OR manual con_uid table required
123,gyeongju-GJ01-0148,gyeongju-GJ01-0148,오봉산,,attraction,,서악북부권,경상북도 경주시 서면 천촌리 산 56,False,HOLD_SOURCE_ACCESS,gyeongju.go.kr/tour attraction LISTING pages verified as JavaScript-rendered: mnu=2266 (권역별관광지)=navigation_landing_no_it,gyeongju.go.kr/tour (target source — listing JS-rendered),,gyeongju.go.kr/tour browser-rendered listing crosswalk OR manual con_uid table required
124,gyeongju-GJ01-0149,gyeongju-GJ01-0149,옥산서원,,attraction,,서악북부권,경상북도 경주시 안강읍 옥산서원길 216-27,False,HOLD_SOURCE_ACCESS,gyeongju.go.kr/tour attraction LISTING pages verified as JavaScript-rendered: mnu=2266 (권역별관광지)=navigation_landing_no_it,gyeongju.go.kr/tour (target source — listing JS-rendered),,gyeongju.go.kr/tour browser-rendered listing crosswalk OR manual con_uid table required
125,gyeongju-GJ01-0150,gyeongju-GJ01-0150,용담정,,attraction,,서악북부권,경상북도 경주시 현곡면 가정리 산 63-1,False,HOLD_SOURCE_ACCESS,gyeongju.go.kr/tour attraction LISTING pages verified as JavaScript-rendered: mnu=2266 (권역별관광지)=navigation_landing_no_it,gyeongju.go.kr/tour (target source — listing JS-rendered),,gyeongju.go.kr/tour browser-rendered listing crosswalk OR manual con_uid table required
126,gyeongju-GJ01-0152,gyeongju-GJ01-0152,최제우 생가,,attraction,,서악북부권,경상북도 경주시 현곡면 가정리 314,False,HOLD_SOURCE_ACCESS,gyeongju.go.kr/tour attraction LISTING pages verified as JavaScript-rendered: mnu=2266 (권역별관광지)=navigation_landing_no_it,gyeongju.go.kr/tour (target source — listing JS-rendered),,gyeongju.go.kr/tour browser-rendered listing crosswalk OR manual con_uid table required
127,gyeongju-GJ01-0153,gyeongju-GJ01-0153,키즈베리 딸기체험장,,attraction,,서악북부권,경상북도 경주시 대경로 4896-4 (서악동),False,HOLD_SOURCE_ACCESS,gyeongju.go.kr/tour attraction LISTING pages verified as JavaScript-rendered: mnu=2266 (권역별관광지)=navigation_landing_no_it,gyeongju.go.kr/tour (target source — listing JS-rendered),,gyeongju.go.kr/tour browser-rendered listing crosswalk OR manual con_uid table required
128,gyeongju-GJ01-0154,gyeongju-GJ01-0154,키즈팜 막내농부,,attraction,,서악북부권,경상북도 경주시 천북면 모아리 839,False,HOLD_SOURCE_ACCESS,gyeongju.go.kr/tour attraction LISTING pages verified as JavaScript-rendered: mnu=2266 (권역별관광지)=navigation_landing_no_it,gyeongju.go.kr/tour (target source — listing JS-rendered),,gyeongju.go.kr/tour browser-rendered listing crosswalk OR manual con_uid table required
129,gyeongju-GJ01-0155,gyeongju-GJ01-0155,화랑의 언덕(JTBC 캠핑클럽 촬영지),,attraction,,서악북부권,경상북도 경주시 산내면 내일리 산261-1,False,HOLD_SOURCE_ACCESS,gyeongju.go.kr/tour attraction LISTING pages verified as JavaScript-rendered: mnu=2266 (권역별관광지)=navigation_landing_no_it,gyeongju.go.kr/tour (target source — listing JS-rendered),,gyeongju.go.kr/tour browser-rendered listing crosswalk OR manual con_uid table required
130,gyeongju-GJ01-0156,gyeongju-GJ01-0156,황성공원,,attraction,,서악북부권,경상북도 경주시 원화로 431-12,False,HOLD_SOURCE_ACCESS,gyeongju.go.kr/tour attraction LISTING pages verified as JavaScript-rendered: mnu=2266 (권역별관광지)=navigation_landing_no_it,gyeongju.go.kr/tour (target source — listing JS-rendered),,gyeongju.go.kr/tour browser-rendered listing crosswalk OR manual con_uid table required
131,gyeongju-GJ01-0157,gyeongju-GJ01-0157,흥덕왕릉,,attraction,,서악북부권,경상북도 경주시 안강읍 육통리 산 42,False,HOLD_SOURCE_ACCESS,gyeongju.go.kr/tour attraction LISTING pages verified as JavaScript-rendered: mnu=2266 (권역별관광지)=navigation_landing_no_it,gyeongju.go.kr/tour (target source — listing JS-rendered),,gyeongju.go.kr/tour browser-rendered listing crosswalk OR manual con_uid table required
132,gyeongju-GJ01-0158,gyeongju-GJ01-0158,흥무공원,,attraction,,서악북부권,경상북도 경주시 충효동 9-2,False,HOLD_SOURCE_ACCESS,gyeongju.go.kr/tour attraction LISTING pages verified as JavaScript-rendered: mnu=2266 (권역별관광지)=navigation_landing_no_it,gyeongju.go.kr/tour (target source — listing JS-rendered),,gyeongju.go.kr/tour browser-rendered listing crosswalk OR manual con_uid table required
133,gyeongju-GJ01-0159,gyeongju-GJ01-0159,흥무로,,attraction,,서악북부권,경상북도 경주시 흥무로,False,HOLD_SOURCE_ACCESS,gyeongju.go.kr/tour attraction LISTING pages verified as JavaScript-rendered: mnu=2266 (권역별관광지)=navigation_landing_no_it,gyeongju.go.kr/tour (target source — listing JS-rendered),,gyeongju.go.kr/tour browser-rendered listing crosswalk OR manual con_uid table required
134,gyeongju-KTO12-126203,gyeongju-KTO12-126203,경주 김유신묘,,attraction,,,경상북도 경주시 충효2길 44-7,False,HOLD_SOURCE_ACCESS,gyeongju.go.kr/tour attraction LISTING pages verified as JavaScript-rendered: mnu=2266 (권역별관광지)=navigation_landing_no_it,gyeongju.go.kr/tour (target source — listing JS-rendered),,gyeongju.go.kr/tour browser-rendered listing crosswalk OR manual con_uid table required
135,gyeongju-KTO12-126204,gyeongju-KTO12-126204,경주 석빙고,,attraction,,,경상북도 경주시 인왕동,False,HOLD_SOURCE_ACCESS,gyeongju.go.kr/tour attraction LISTING pages verified as JavaScript-rendered: mnu=2266 (권역별관광지)=navigation_landing_no_it,gyeongju.go.kr/tour (target source — listing JS-rendered),,gyeongju.go.kr/tour browser-rendered listing crosswalk OR manual con_uid table required
136,gyeongju-KTO12-126208,gyeongju-KTO12-126208,경주 포석정지,,attraction,,,경상북도 경주시 배동,False,HOLD_SOURCE_ACCESS,gyeongju.go.kr/tour attraction LISTING pages verified as JavaScript-rendered: mnu=2266 (권역별관광지)=navigation_landing_no_it,gyeongju.go.kr/tour (target source — listing JS-rendered),,gyeongju.go.kr/tour browser-rendered listing crosswalk OR manual con_uid table required
137,gyeongju-KTO12-126209,gyeongju-KTO12-126209,금관총,,attraction,,,경상북도 경주시 봉황로 15 (노서동),False,HOLD_SOURCE_ACCESS,gyeongju.go.kr/tour attraction LISTING pages verified as JavaScript-rendered: mnu=2266 (권역별관광지)=navigation_landing_no_it,gyeongju.go.kr/tour (target source — listing JS-rendered),,gyeongju.go.kr/tour browser-rendered listing crosswalk OR manual con_uid table required
138,gyeongju-KTO12-128430,gyeongju-KTO12-128430,옥산 세심마을,,attraction,,,경상북도 경주시 안강읍 옥산서원길 301-3,False,HOLD_SOURCE_ACCESS,gyeongju.go.kr/tour attraction LISTING pages verified as JavaScript-rendered: mnu=2266 (권역별관광지)=navigation_landing_no_it,gyeongju.go.kr/tour (target source — listing JS-rendered),,gyeongju.go.kr/tour browser-rendered listing crosswalk OR manual con_uid table required
139,gyeongju-KTO12-128634,gyeongju-KTO12-128634,경주 배동 삼릉,,attraction,,,경상북도 경주시 배동,False,HOLD_SOURCE_ACCESS,gyeongju.go.kr/tour attraction LISTING pages verified as JavaScript-rendered: mnu=2266 (권역별관광지)=navigation_landing_no_it,gyeongju.go.kr/tour (target source — listing JS-rendered),,gyeongju.go.kr/tour browser-rendered listing crosswalk OR manual con_uid table required
140,gyeongju-KTO12-128635,gyeongju-KTO12-128635,경주 나정,,attraction,,,경상북도 경주시 탑동,False,HOLD_SOURCE_ACCESS,gyeongju.go.kr/tour attraction LISTING pages verified as JavaScript-rendered: mnu=2266 (권역별관광지)=navigation_landing_no_it,gyeongju.go.kr/tour (target source — listing JS-rendered),,gyeongju.go.kr/tour browser-rendered listing crosswalk OR manual con_uid table required
141,gyeongju-KTO12-128639,gyeongju-KTO12-128639,경주 구정동 방형분,,attraction,,,경상북도 경주시 불국로 15-5 (구정동),False,HOLD_SOURCE_ACCESS,gyeongju.go.kr/tour attraction LISTING pages verified as JavaScript-rendered: mnu=2266 (권역별관광지)=navigation_landing_no_it,gyeongju.go.kr/tour (target source — listing JS-rendered),,gyeongju.go.kr/tour browser-rendered listing crosswalk OR manual con_uid table required
142,gyeongju-KTO12-128652,gyeongju-KTO12-128652,영지석불좌상,,attraction,,,경상북도 경주시 외동읍 괘릉리,False,HOLD_SOURCE_ACCESS,gyeongju.go.kr/tour attraction LISTING pages verified as JavaScript-rendered: mnu=2266 (권역별관광지)=navigation_landing_no_it,gyeongju.go.kr/tour (target source — listing JS-rendered),,gyeongju.go.kr/tour browser-rendered listing crosswalk OR manual con_uid table required
143,gyeongju-KTO12-128677,gyeongju-KTO12-128677,감포항,,attraction,,,경상북도 경주시 감포읍 감포로,False,HOLD_SOURCE_ACCESS,gyeongju.go.kr/tour attraction LISTING pages verified as JavaScript-rendered: mnu=2266 (권역별관광지)=navigation_landing_no_it,gyeongju.go.kr/tour (target source — listing JS-rendered),,gyeongju.go.kr/tour browser-rendered listing crosswalk OR manual con_uid table required
144,gyeongju-KTO12-128681,gyeongju-KTO12-128681,경주 신문왕릉,,attraction,,,경상북도 경주시 배반동,False,HOLD_SOURCE_ACCESS,gyeongju.go.kr/tour attraction LISTING pages verified as JavaScript-rendered: mnu=2266 (권역별관광지)=navigation_landing_no_it,gyeongju.go.kr/tour (target source — listing JS-rendered),,gyeongju.go.kr/tour browser-rendered listing crosswalk OR manual con_uid table required
145,gyeongju-KTO12-128682,gyeongju-KTO12-128682,경주 장항리 서 오층석탑,,attraction,,,경상북도 경주시 문무대왕면 장항리,False,HOLD_SOURCE_ACCESS,gyeongju.go.kr/tour attraction LISTING pages verified as JavaScript-rendered: mnu=2266 (권역별관광지)=navigation_landing_no_it,gyeongju.go.kr/tour (target source — listing JS-rendered),,gyeongju.go.kr/tour browser-rendered listing crosswalk OR manual con_uid table required
146,gyeongju-KTO12-128692,gyeongju-KTO12-128692,경주 배동 석조여래삼존입상,,attraction,,,경상북도 경주시 배동,False,HOLD_SOURCE_ACCESS,gyeongju.go.kr/tour attraction LISTING pages verified as JavaScript-rendered: mnu=2266 (권역별관광지)=navigation_landing_no_it,gyeongju.go.kr/tour (target source — listing JS-rendered),,gyeongju.go.kr/tour browser-rendered listing crosswalk OR manual con_uid table required
147,gyeongju-KTO12-128811,gyeongju-KTO12-128811,더케이경주호텔 스파온천,,attraction,,,경상북도 경주시 엑스포로 45 (신평동),False,HOLD_SOURCE_ACCESS,gyeongju.go.kr/tour attraction LISTING pages verified as JavaScript-rendered: mnu=2266 (권역별관광지)=navigation_landing_no_it,gyeongju.go.kr/tour (target source — listing JS-rendered),,gyeongju.go.kr/tour browser-rendered listing crosswalk OR manual con_uid table required
148,gyeongju-KTO12-129518,gyeongju-KTO12-129518,경주 양동마을 송첨종택,,attraction,,,경상북도 경주시 강동면 양동마을안길 75-6,False,HOLD_SOURCE_ACCESS,gyeongju.go.kr/tour attraction LISTING pages verified as JavaScript-rendered: mnu=2266 (권역별관광지)=navigation_landing_no_it,gyeongju.go.kr/tour (target source — listing JS-rendered),,gyeongju.go.kr/tour browser-rendered listing crosswalk OR manual con_uid table required
149,gyeongju-KTO12-129522,gyeongju-KTO12-129522,경주 남산동 동·서 삼층석탑,,attraction,,,경상북도 경주시 남산동,False,HOLD_SOURCE_ACCESS,gyeongju.go.kr/tour attraction LISTING pages verified as JavaScript-rendered: mnu=2266 (권역별관광지)=navigation_landing_no_it,gyeongju.go.kr/tour (target source — listing JS-rendered),,gyeongju.go.kr/tour browser-rendered listing crosswalk OR manual con_uid table required
150,gyeongju-KTO12-129524,gyeongju-KTO12-129524,경주 망덕사지,,attraction,,,경상북도 경주시 배반동,False,HOLD_SOURCE_ACCESS,gyeongju.go.kr/tour attraction LISTING pages verified as JavaScript-rendered: mnu=2266 (권역별관광지)=navigation_landing_no_it,gyeongju.go.kr/tour (target source — listing JS-rendered),,gyeongju.go.kr/tour browser-rendered listing crosswalk OR manual con_uid table required
151,gyeongju-KTO12-136208,gyeongju-KTO12-136208,한화리조트 경주,,attraction,,,경상북도 경주시 보문로 182-27 (북군동),False,HOLD_SOURCE_ACCESS,gyeongju.go.kr/tour attraction LISTING pages verified as JavaScript-rendered: mnu=2266 (권역별관광지)=navigation_landing_no_it,gyeongju.go.kr/tour (target source — listing JS-rendered),,gyeongju.go.kr/tour browser-rendered listing crosswalk OR manual con_uid table required
152,gyeongju-KTO12-1621714,gyeongju-KTO12-1621714,경주 지마왕릉,,attraction,,,경상북도 경주시 배동,False,HOLD_SOURCE_ACCESS,gyeongju.go.kr/tour attraction LISTING pages verified as JavaScript-rendered: mnu=2266 (권역별관광지)=navigation_landing_no_it,gyeongju.go.kr/tour (target source — listing JS-rendered),,gyeongju.go.kr/tour browser-rendered listing crosswalk OR manual con_uid table required
153,gyeongju-KTO12-1621727,gyeongju-KTO12-1621727,경주 서악동 고분군,,attraction,,,경상북도 경주시 서악동,False,HOLD_SOURCE_ACCESS,gyeongju.go.kr/tour attraction LISTING pages verified as JavaScript-rendered: mnu=2266 (권역별관광지)=navigation_landing_no_it,gyeongju.go.kr/tour (target source — listing JS-rendered),,gyeongju.go.kr/tour browser-rendered listing crosswalk OR manual con_uid table required
154,gyeongju-KTO12-1621734,gyeongju-KTO12-1621734,경주 법흥왕릉,,attraction,,,경상북도 경주시 효현동,False,HOLD_SOURCE_ACCESS,gyeongju.go.kr/tour attraction LISTING pages verified as JavaScript-rendered: mnu=2266 (권역별관광지)=navigation_landing_no_it,gyeongju.go.kr/tour (target source — listing JS-rendered),,gyeongju.go.kr/tour browser-rendered listing crosswalk OR manual con_uid table required
155,gyeongju-KTO12-1621799,gyeongju-KTO12-1621799,경주 헌덕왕릉,,attraction,,,경상북도 경주시 동천동,False,HOLD_SOURCE_ACCESS,gyeongju.go.kr/tour attraction LISTING pages verified as JavaScript-rendered: mnu=2266 (권역별관광지)=navigation_landing_no_it,gyeongju.go.kr/tour (target source — listing JS-rendered),,gyeongju.go.kr/tour browser-rendered listing crosswalk OR manual con_uid table required
156,gyeongju-KTO12-1621809,gyeongju-KTO12-1621809,경주 신무왕릉,,attraction,,,경상북도 경주시 동방동,False,HOLD_SOURCE_ACCESS,gyeongju.go.kr/tour attraction LISTING pages verified as JavaScript-rendered: mnu=2266 (권역별관광지)=navigation_landing_no_it,gyeongju.go.kr/tour (target source — listing JS-rendered),,gyeongju.go.kr/tour browser-rendered listing crosswalk OR manual con_uid table required
157,gyeongju-KTO12-1621820,gyeongju-KTO12-1621820,경주 성덕왕릉,,attraction,,,경상북도 경주시 조양동,False,HOLD_SOURCE_ACCESS,gyeongju.go.kr/tour attraction LISTING pages verified as JavaScript-rendered: mnu=2266 (권역별관광지)=navigation_landing_no_it,gyeongju.go.kr/tour (target source — listing JS-rendered),,gyeongju.go.kr/tour browser-rendered listing crosswalk OR manual con_uid table required
158,gyeongju-KTO12-1621842,gyeongju-KTO12-1621842,경주 효소왕릉,,attraction,,,경상북도 경주시 조양동,False,HOLD_SOURCE_ACCESS,gyeongju.go.kr/tour attraction LISTING pages verified as JavaScript-rendered: mnu=2266 (권역별관광지)=navigation_landing_no_it,gyeongju.go.kr/tour (target source — listing JS-rendered),,gyeongju.go.kr/tour browser-rendered listing crosswalk OR manual con_uid table required
159,gyeongju-KTO12-1957997,gyeongju-KTO12-1957997,구강서원,,attraction,,,경상북도 경주시 안강읍 구강길 68-6,False,HOLD_SOURCE_ACCESS,gyeongju.go.kr/tour attraction LISTING pages verified as JavaScript-rendered: mnu=2266 (권역별관광지)=navigation_landing_no_it,gyeongju.go.kr/tour (target source — listing JS-rendered),,gyeongju.go.kr/tour browser-rendered listing crosswalk OR manual con_uid table required
160,gyeongju-KTO12-1958053,gyeongju-KTO12-1958053,귀산서원,,attraction,,,경상북도 경주시 현곡면 구산서원길 71-12,False,HOLD_SOURCE_ACCESS,gyeongju.go.kr/tour attraction LISTING pages verified as JavaScript-rendered: mnu=2266 (권역별관광지)=navigation_landing_no_it,gyeongju.go.kr/tour (target source — listing JS-rendered),,gyeongju.go.kr/tour browser-rendered listing crosswalk OR manual con_uid table required
161,gyeongju-KTO12-1958111,gyeongju-KTO12-1958111,나산서원,,attraction,,,경상북도 경주시 양남면 나산1길 27,False,HOLD_SOURCE_ACCESS,gyeongju.go.kr/tour attraction LISTING pages verified as JavaScript-rendered: mnu=2266 (권역별관광지)=navigation_landing_no_it,gyeongju.go.kr/tour (target source — listing JS-rendered),,gyeongju.go.kr/tour browser-rendered listing crosswalk OR manual con_uid table required
162,gyeongju-KTO12-1958147,gyeongju-KTO12-1958147,단구서원,,attraction,,,경상북도 경주시 강동면 단구서원길 8-3,False,HOLD_SOURCE_ACCESS,gyeongju.go.kr/tour attraction LISTING pages verified as JavaScript-rendered: mnu=2266 (권역별관광지)=navigation_landing_no_it,gyeongju.go.kr/tour (target source — listing JS-rendered),,gyeongju.go.kr/tour browser-rendered listing crosswalk OR manual con_uid table required
163,gyeongju-KTO12-1959160,gyeongju-KTO12-1959160,장산서원,,attraction,,,경상북도 경주시 안강읍 옥산서원길 377-2,False,HOLD_SOURCE_ACCESS,gyeongju.go.kr/tour attraction LISTING pages verified as JavaScript-rendered: mnu=2266 (권역별관광지)=navigation_landing_no_it,gyeongju.go.kr/tour (target source — listing JS-rendered),,gyeongju.go.kr/tour browser-rendered listing crosswalk OR manual con_uid table required
164,gyeongju-KTO12-1959192,gyeongju-KTO12-1959192,직천서원,,attraction,,,경상북도 경주시 안강읍 대동길 176-9,False,HOLD_SOURCE_ACCESS,gyeongju.go.kr/tour attraction LISTING pages verified as JavaScript-rendered: mnu=2266 (권역별관광지)=navigation_landing_no_it,gyeongju.go.kr/tour (target source — listing JS-rendered),,gyeongju.go.kr/tour browser-rendered listing crosswalk OR manual con_uid table required
165,gyeongju-KTO12-1963773,gyeongju-KTO12-1963773,경주 마우나오션 리조트,,attraction,,,경상북도 경주시 양남면 동남로 1021,False,HOLD_SOURCE_ACCESS,gyeongju.go.kr/tour attraction LISTING pages verified as JavaScript-rendered: mnu=2266 (권역별관광지)=navigation_landing_no_it,gyeongju.go.kr/tour (target source — listing JS-rendered),,gyeongju.go.kr/tour browser-rendered listing crosswalk OR manual con_uid table required
166,gyeongju-KTO12-2002492,gyeongju-KTO12-2002492,경주 버드파크,,attraction,,,경상북도 경주시 보문로 74-14,False,HOLD_SOURCE_ACCESS,gyeongju.go.kr/tour attraction LISTING pages verified as JavaScript-rendered: mnu=2266 (권역별관광지)=navigation_landing_no_it,gyeongju.go.kr/tour (target source — listing JS-rendered),,gyeongju.go.kr/tour browser-rendered listing crosswalk OR manual con_uid table required
167,gyeongju-KTO12-2044527,gyeongju-KTO12-2044527,강동 워터파크,,attraction,,,경상북도 경주시 보불로 391 (천군동),False,HOLD_SOURCE_ACCESS,gyeongju.go.kr/tour attraction LISTING pages verified as JavaScript-rendered: mnu=2266 (권역별관광지)=navigation_landing_no_it,gyeongju.go.kr/tour (target source — listing JS-rendered),,gyeongju.go.kr/tour browser-rendered listing crosswalk OR manual con_uid table required
168,gyeongju-KTO12-231891,gyeongju-KTO12-231891,경주 정혜사지 십삼층석탑,,attraction,,,경상북도 경주시 안강읍 옥산리,False,HOLD_SOURCE_ACCESS,gyeongju.go.kr/tour attraction LISTING pages verified as JavaScript-rendered: mnu=2266 (권역별관광지)=navigation_landing_no_it,gyeongju.go.kr/tour (target source — listing JS-rendered),,gyeongju.go.kr/tour browser-rendered listing crosswalk OR manual con_uid table required
169,gyeongju-KTO12-231930,gyeongju-KTO12-231930,성덕대왕신종,,attraction,,,경상북도 경주시 일정로 186 국립경주박물관,False,HOLD_SOURCE_ACCESS,gyeongju.go.kr/tour attraction LISTING pages verified as JavaScript-rendered: mnu=2266 (권역별관광지)=navigation_landing_no_it,gyeongju.go.kr/tour (target source — listing JS-rendered),,gyeongju.go.kr/tour browser-rendered listing crosswalk OR manual con_uid table required
170,gyeongju-KTO12-2456795,gyeongju-KTO12-2456795,주렁주렁 경주점,,attraction,,,경상북도 경주시 엑스포로 80 (천군동),False,HOLD_SOURCE_ACCESS,gyeongju.go.kr/tour attraction LISTING pages verified as JavaScript-rendered: mnu=2266 (권역별관광지)=navigation_landing_no_it,gyeongju.go.kr/tour (target source — listing JS-rendered),,gyeongju.go.kr/tour browser-rendered listing crosswalk OR manual con_uid table required
171,gyeongju-KTO12-250263,gyeongju-KTO12-250263,경주 남산 미륵곡 석조여래좌상,,attraction,,,경상북도 경주시 배반동,False,HOLD_SOURCE_ACCESS,gyeongju.go.kr/tour attraction LISTING pages verified as JavaScript-rendered: mnu=2266 (권역별관광지)=navigation_landing_no_it,gyeongju.go.kr/tour (target source — listing JS-rendered),,gyeongju.go.kr/tour browser-rendered listing crosswalk OR manual con_uid table required
172,gyeongju-KTO12-250266,gyeongju-KTO12-250266,경주 재매정,,attraction,,,경상북도 경주시 교동,False,HOLD_SOURCE_ACCESS,gyeongju.go.kr/tour attraction LISTING pages verified as JavaScript-rendered: mnu=2266 (권역별관광지)=navigation_landing_no_it,gyeongju.go.kr/tour (target source — listing JS-rendered),,gyeongju.go.kr/tour browser-rendered listing crosswalk OR manual con_uid table required
173,gyeongju-KTO12-250267,gyeongju-KTO12-250267,경주 동방동 와요지,,attraction,,,경상북도 경주시 동방동,False,HOLD_SOURCE_ACCESS,gyeongju.go.kr/tour attraction LISTING pages verified as JavaScript-rendered: mnu=2266 (권역별관광지)=navigation_landing_no_it,gyeongju.go.kr/tour (target source — listing JS-rendered),,gyeongju.go.kr/tour browser-rendered listing crosswalk OR manual con_uid table required
174,gyeongju-KTO12-250268,gyeongju-KTO12-250268,경주 골굴암 마애여래좌상,,attraction,,,경상북도 경주시 양북면 기림로 101-5,False,HOLD_SOURCE_ACCESS,gyeongju.go.kr/tour attraction LISTING pages verified as JavaScript-rendered: mnu=2266 (권역별관광지)=navigation_landing_no_it,gyeongju.go.kr/tour (target source — listing JS-rendered),,gyeongju.go.kr/tour browser-rendered listing crosswalk OR manual con_uid table required
175,gyeongju-KTO12-250270,gyeongju-KTO12-250270,경주 굴불사지 석조사면불상,,attraction,,,경상북도 경주시 산업로 4214-76,False,HOLD_SOURCE_ACCESS,gyeongju.go.kr/tour attraction LISTING pages verified as JavaScript-rendered: mnu=2266 (권역별관광지)=navigation_landing_no_it,gyeongju.go.kr/tour (target source — listing JS-rendered),,gyeongju.go.kr/tour browser-rendered listing crosswalk OR manual con_uid table required
176,gyeongju-KTO12-250271,gyeongju-KTO12-250271,경주 율동 마애여래삼존입상,,attraction,,,경상북도 경주시 두대안길 69 (율동),False,HOLD_SOURCE_ACCESS,gyeongju.go.kr/tour attraction LISTING pages verified as JavaScript-rendered: mnu=2266 (권역별관광지)=navigation_landing_no_it,gyeongju.go.kr/tour (target source — listing JS-rendered),,gyeongju.go.kr/tour browser-rendered listing crosswalk OR manual con_uid table required
177,gyeongju-KTO12-250274,gyeongju-KTO12-250274,경주 금척리 고분군,,attraction,,,경상북도 경주시 건천읍 금척리,False,HOLD_SOURCE_ACCESS,gyeongju.go.kr/tour attraction LISTING pages verified as JavaScript-rendered: mnu=2266 (권역별관광지)=navigation_landing_no_it,gyeongju.go.kr/tour (target source — listing JS-rendered),,gyeongju.go.kr/tour browser-rendered listing crosswalk OR manual con_uid table required
178,gyeongju-KTO12-250281,gyeongju-KTO12-250281,경주 인왕동 사지,,attraction,,,경상북도 경주시 인왕동,False,HOLD_SOURCE_ACCESS,gyeongju.go.kr/tour attraction LISTING pages verified as JavaScript-rendered: mnu=2266 (권역별관광지)=navigation_landing_no_it,gyeongju.go.kr/tour (target source — listing JS-rendered),,gyeongju.go.kr/tour browser-rendered listing crosswalk OR manual con_uid table required
179,gyeongju-KTO12-2599772,gyeongju-KTO12-2599772,이상복명과 경주빵 숲머리점,,attraction,,,경상북도 경주시 숲머리길 212 (보문동),False,HOLD_SOURCE_ACCESS,gyeongju.go.kr/tour attraction LISTING pages verified as JavaScript-rendered: mnu=2266 (권역별관광지)=navigation_landing_no_it,gyeongju.go.kr/tour (target source — listing JS-rendered),,gyeongju.go.kr/tour browser-rendered listing crosswalk OR manual con_uid table required
180,gyeongju-KTO12-2609826,gyeongju-KTO12-2609826,경주 쌈밥거리,,attraction,,,경상북도 경주시 계림로 9,False,HOLD_SOURCE_ACCESS,gyeongju.go.kr/tour attraction LISTING pages verified as JavaScript-rendered: mnu=2266 (권역별관광지)=navigation_landing_no_it,gyeongju.go.kr/tour (target source — listing JS-rendered),,gyeongju.go.kr/tour browser-rendered listing crosswalk OR manual con_uid table required
181,gyeongju-KTO12-2614474,gyeongju-KTO12-2614474,골굴암 타포니 (경북 동해안 국가지질공원),,attraction,,,경상북도 경주시 문무대왕면 기림로 101-5,False,HOLD_SOURCE_ACCESS,gyeongju.go.kr/tour attraction LISTING pages verified as JavaScript-rendered: mnu=2266 (권역별관광지)=navigation_landing_no_it,gyeongju.go.kr/tour (target source — listing JS-rendered),,gyeongju.go.kr/tour browser-rendered listing crosswalk OR manual con_uid table required
182,gyeongju-KTO12-2614490,gyeongju-KTO12-2614490,남산 화강암 (경북 동해안 국가지질공원),,attraction,,,경상북도 경주시 남산순환로 341-126 (배동),False,HOLD_SOURCE_ACCESS,gyeongju.go.kr/tour attraction LISTING pages verified as JavaScript-rendered: mnu=2266 (권역별관광지)=navigation_landing_no_it,gyeongju.go.kr/tour (target source — listing JS-rendered),,gyeongju.go.kr/tour browser-rendered listing crosswalk OR manual con_uid table required
183,gyeongju-KTO12-2742072,gyeongju-KTO12-2742072,삼릉숲,,attraction,,,경상북도 경주시 배동,False,HOLD_SOURCE_ACCESS,gyeongju.go.kr/tour attraction LISTING pages verified as JavaScript-rendered: mnu=2266 (권역별관광지)=navigation_landing_no_it,gyeongju.go.kr/tour (target source — listing JS-rendered),,gyeongju.go.kr/tour browser-rendered listing crosswalk OR manual con_uid table required
184,gyeongju-KTO12-2756802,gyeongju-KTO12-2756802,강동리조트 프라이빗콘도,,attraction,,,경상북도 경주시 보불로 391 (천군동),False,HOLD_SOURCE_ACCESS,gyeongju.go.kr/tour attraction LISTING pages verified as JavaScript-rendered: mnu=2266 (권역별관광지)=navigation_landing_no_it,gyeongju.go.kr/tour (target source — listing JS-rendered),,gyeongju.go.kr/tour browser-rendered listing crosswalk OR manual con_uid table required
185,gyeongju-KTO12-2771020,gyeongju-KTO12-2771020,성호리조트,,attraction,,,경상북도 경주시 외동읍 영지로 636,False,HOLD_SOURCE_ACCESS,gyeongju.go.kr/tour attraction LISTING pages verified as JavaScript-rendered: mnu=2266 (권역별관광지)=navigation_landing_no_it,gyeongju.go.kr/tour (target source — listing JS-rendered),,gyeongju.go.kr/tour browser-rendered listing crosswalk OR manual con_uid table required
186,gyeongju-KTO12-2774279,gyeongju-KTO12-2774279,분황사 청보리밭,,attraction,,,경상북도 경주시 분황로 94-11,False,HOLD_SOURCE_ACCESS,gyeongju.go.kr/tour attraction LISTING pages verified as JavaScript-rendered: mnu=2266 (권역별관광지)=navigation_landing_no_it,gyeongju.go.kr/tour (target source — listing JS-rendered),,gyeongju.go.kr/tour browser-rendered listing crosswalk OR manual con_uid table required
187,gyeongju-KTO12-2774281,gyeongju-KTO12-2774281,보문숲머리먹거리촌,,attraction,,,경상북도 경주시 보문동,False,HOLD_SOURCE_ACCESS,gyeongju.go.kr/tour attraction LISTING pages verified as JavaScript-rendered: mnu=2266 (권역별관광지)=navigation_landing_no_it,gyeongju.go.kr/tour (target source — listing JS-rendered),,gyeongju.go.kr/tour browser-rendered listing crosswalk OR manual con_uid table required
188,gyeongju-KTO12-2951287,gyeongju-KTO12-2951287,월성이랑,,attraction,,,경상북도 경주시 인왕동,False,HOLD_SOURCE_ACCESS,gyeongju.go.kr/tour attraction LISTING pages verified as JavaScript-rendered: mnu=2266 (권역별관광지)=navigation_landing_no_it,gyeongju.go.kr/tour (target source — listing JS-rendered),,gyeongju.go.kr/tour browser-rendered listing crosswalk OR manual con_uid table required
189,gyeongju-KTO12-2992067,gyeongju-KTO12-2992067,경주 금리단길,,attraction,,,경상북도 경주시 원효로 127,False,HOLD_SOURCE_ACCESS,gyeongju.go.kr/tour attraction LISTING pages verified as JavaScript-rendered: mnu=2266 (권역별관광지)=navigation_landing_no_it,gyeongju.go.kr/tour (target source — listing JS-rendered),,gyeongju.go.kr/tour browser-rendered listing crosswalk OR manual con_uid table required
190,gyeongju-KTO12-2997657,gyeongju-KTO12-2997657,경주축구공원,,attraction,,,경상북도 경주시 황성공원로 30 시민운동장,False,HOLD_SOURCE_ACCESS,gyeongju.go.kr/tour attraction LISTING pages verified as JavaScript-rendered: mnu=2266 (권역별관광지)=navigation_landing_no_it,gyeongju.go.kr/tour (target source — listing JS-rendered),,gyeongju.go.kr/tour browser-rendered listing crosswalk OR manual con_uid table required
191,gyeongju-KTO12-319571,gyeongju-KTO12-319571,경주 경애왕릉,,attraction,,,경상북도 경주시 배동,False,HOLD_SOURCE_ACCESS,gyeongju.go.kr/tour attraction LISTING pages verified as JavaScript-rendered: mnu=2266 (권역별관광지)=navigation_landing_no_it,gyeongju.go.kr/tour (target source — listing JS-rendered),,gyeongju.go.kr/tour browser-rendered listing crosswalk OR manual con_uid table required
192,gyeongju-KTO12-319572,gyeongju-KTO12-319572,경주 동부 사적지대,,attraction,,,경상북도 경주시 황남동,False,HOLD_SOURCE_ACCESS,gyeongju.go.kr/tour attraction LISTING pages verified as JavaScript-rendered: mnu=2266 (권역별관광지)=navigation_landing_no_it,gyeongju.go.kr/tour (target source — listing JS-rendered),,gyeongju.go.kr/tour browser-rendered listing crosswalk OR manual con_uid table required
193,gyeongju-KTO12-319726,gyeongju-KTO12-319726,경주 정강왕릉,,attraction,,,경상북도 경주시 남산동,False,HOLD_SOURCE_ACCESS,gyeongju.go.kr/tour attraction LISTING pages verified as JavaScript-rendered: mnu=2266 (권역별관광지)=navigation_landing_no_it,gyeongju.go.kr/tour (target source — listing JS-rendered),,gyeongju.go.kr/tour browser-rendered listing crosswalk OR manual con_uid table required
194,gyeongju-KTO12-337505,gyeongju-KTO12-337505,연지암(경주),,attraction,,,경상북도 경주시 외동읍 활성길 120-5,False,HOLD_SOURCE_ACCESS,gyeongju.go.kr/tour attraction LISTING pages verified as JavaScript-rendered: mnu=2266 (권역별관광지)=navigation_landing_no_it,gyeongju.go.kr/tour (target source — listing JS-rendered),,gyeongju.go.kr/tour browser-rendered listing crosswalk OR manual con_uid table required
195,gyeongju-KTO12-3427320,gyeongju-KTO12-3427320,숭문대,,attraction,,,경상북도 경주시 놋전2길 24-43 (황남동),False,HOLD_SOURCE_ACCESS,gyeongju.go.kr/tour attraction LISTING pages verified as JavaScript-rendered: mnu=2266 (권역별관광지)=navigation_landing_no_it,gyeongju.go.kr/tour (target source — listing JS-rendered),,gyeongju.go.kr/tour browser-rendered listing crosswalk OR manual con_uid table required
196,gyeongju-KTO12-3453420,gyeongju-KTO12-3453420,황촌마을활력소,,attraction,,,경상북도 경주시 양정로 122-1 (성동동),False,HOLD_SOURCE_ACCESS,gyeongju.go.kr/tour attraction LISTING pages verified as JavaScript-rendered: mnu=2266 (권역별관광지)=navigation_landing_no_it,gyeongju.go.kr/tour (target source — listing JS-rendered),,gyeongju.go.kr/tour browser-rendered listing crosswalk OR manual con_uid table required
197,gyeongju-KTO12-3453929,gyeongju-KTO12-3453929,경상북도교육청 발명체험교육관,,attraction,,,경상북도 경주시 첨성로 97 (황남동),False,HOLD_SOURCE_ACCESS,gyeongju.go.kr/tour attraction LISTING pages verified as JavaScript-rendered: mnu=2266 (권역별관광지)=navigation_landing_no_it,gyeongju.go.kr/tour (target source — listing JS-rendered),,gyeongju.go.kr/tour browser-rendered listing crosswalk OR manual con_uid table required
198,gyeongju-KTO12-590997,gyeongju-KTO12-590997,경주월드 캘리포니아비치,,attraction,,,경상북도 경주시 보문로 544 경주월드,False,HOLD_SOURCE_ACCESS,gyeongju.go.kr/tour attraction LISTING pages verified as JavaScript-rendered: mnu=2266 (권역별관광지)=navigation_landing_no_it,gyeongju.go.kr/tour (target source — listing JS-rendered),,gyeongju.go.kr/tour browser-rendered listing crosswalk OR manual con_uid table required
199,gyeongju-KTO12-971032,gyeongju-KTO12-971032,경주역사유적지구 [유네스코 세계유산],,attraction,,,경상북도 경주시 태종로 757,False,HOLD_SOURCE_ACCESS,gyeongju.go.kr/tour attraction LISTING pages verified as JavaScript-rendered: mnu=2266 (권역별관광지)=navigation_landing_no_it,gyeongju.go.kr/tour (target source — listing JS-rendered),,gyeongju.go.kr/tour browser-rendered listing crosswalk OR manual con_uid table required
200,gyeongju-KTO12-987844,gyeongju-KTO12-987844,경주 낭산 일원,,attraction,,,경상북도 경주시 보문동,False,HOLD_SOURCE_ACCESS,gyeongju.go.kr/tour attraction LISTING pages verified as JavaScript-rendered: mnu=2266 (권역별관광지)=navigation_landing_no_it,gyeongju.go.kr/tour (target source — listing JS-rendered),,gyeongju.go.kr/tour browser-rendered listing crosswalk OR manual con_uid table required
