candidate_id,restaurant_name,image_url,http_status,mime_type,file_size_bytes,width,height,technical_status,visual_inspection_status,final_recommendation,decision_reason
busan-F-00001,만드리곤드레밥,https://www.visitbusan.net/uploadImgs/files/cntnts/20191209162810545_ttiel,200,image/jpeg,113589,1200,544,valid,not_inspected,use_candidate,"HTTP 200 + JPEG 확인 + 113589B + 1200×544px. 시각 검수 미실시, URL·포맷 기술 확인만 완료."
busan-F-00002,만호갈미샤브샤브,https://www.visitbusan.net/uploadImgs/files/cntnts/20250515120924874_ttiel,200,image/jpeg,117485,1200,545,valid,not_inspected,use_candidate,"HTTP 200 + JPEG 확인 + 117485B + 1200×545px. 시각 검수 미실시, URL·포맷 기술 확인만 완료."
busan-F-00003,민물가든,https://www.visitbusan.net/uploadImgs/files/cntnts/20191217101816206_ttiel,200,image/jpeg,70247,1200,545,valid,not_inspected,use_candidate,"HTTP 200 + JPEG 확인 + 70247B + 1200×545px. 시각 검수 미실시, URL·포맷 기술 확인만 완료."
busan-F-00004,부흥식당,https://www.visitbusan.net/uploadImgs/files/cntnts/20240418142402873_ttiel,200,image/jpeg,107981,1200,544,valid,not_inspected,use_candidate,"HTTP 200 + JPEG 확인 + 107981B + 1200×544px. 시각 검수 미실시, URL·포맷 기술 확인만 완료."
busan-F-00005,사미헌,https://www.visitbusan.net/uploadImgs/files/cntnts/20240417140858880_ttiel,200,image/jpeg,100448,1200,545,valid,not_inspected,use_candidate,"HTTP 200 + JPEG 확인 + 100448B + 1200×545px. 시각 검수 미실시, URL·포맷 기술 확인만 완료."
busan-F-00006,원조할매집,https://www.visitbusan.net/uploadImgs/files/cntnts/20240417143908074_ttiel,200,image/jpeg,89630,1200,545,valid,not_inspected,use_candidate,"HTTP 200 + JPEG 확인 + 89630B + 1200×545px. 시각 검수 미실시, URL·포맷 기술 확인만 완료."
busan-F-00007,가야할매밀면,https://www.visitbusan.net/uploadImgs/files/cntnts/20191217201857896_ttiel,200,image/jpeg,92282,1200,544,valid,not_inspected,use_candidate,"HTTP 200 + JPEG 확인 + 92282B + 1200×544px. 시각 검수 미실시, URL·포맷 기술 확인만 완료."
busan-F-00008,국제밀면본점,https://www.visitbusan.net/uploadImgs/files/cntnts/20240418134454110_ttiel,200,image/jpeg,131960,1200,545,valid,not_inspected,use_candidate,"HTTP 200 + JPEG 확인 + 131960B + 1200×545px. 시각 검수 미실시, URL·포맷 기술 확인만 완료."
busan-F-00009,할매가야밀면,https://www.visitbusan.net/uploadImgs/files/cntnts/20230605153300303_ttiel,200,image/jpeg,88478,1200,544,valid,not_inspected,use_candidate,"HTTP 200 + JPEG 확인 + 88478B + 1200×544px. 시각 검수 미실시, URL·포맷 기술 확인만 완료."
busan-F-00010,거인통닭,https://www.visitbusan.net/uploadImgs/files/cntnts/20240419092440105_ttiel,200,image/jpeg,112947,1200,545,valid,not_inspected,use_candidate,"HTTP 200 + JPEG 확인 + 112947B + 1200×545px. 시각 검수 미실시, URL·포맷 기술 확인만 완료."
busan-F-00011,김해식당,https://www.visitbusan.net/uploadImgs/files/cntnts/20230525160402713_ttiel,200,image/jpeg,68156,1200,544,valid,not_inspected,use_candidate,"HTTP 200 + JPEG 확인 + 68156B + 1200×544px. 시각 검수 미실시, URL·포맷 기술 확인만 완료."
busan-F-00012,물꽁식당,https://www.visitbusan.net/uploadImgs/files/cntnts/20240419094840707_ttiel,200,image/jpeg,89865,1200,545,valid,not_inspected,use_candidate,"HTTP 200 + JPEG 확인 + 89865B + 1200×545px. 시각 검수 미실시, URL·포맷 기술 확인만 완료."
busan-F-00013,부산명물횟집,https://www.visitbusan.net/uploadImgs/files/cntnts/20240419101804650_ttiel,200,image/jpeg,111640,1200,544,valid,not_inspected,use_candidate,"HTTP 200 + JPEG 확인 + 111640B + 1200×544px. 시각 검수 미실시, URL·포맷 기술 확인만 완료."
busan-F-00014,부산꼼장어맛집 성일집,https://www.visitbusan.net/uploadImgs/files/cntnts/20240419100256721_ttiel,200,image/jpeg,92313,1200,545,valid,not_inspected,use_candidate,"HTTP 200 + JPEG 확인 + 92313B + 1200×545px. 시각 검수 미실시, URL·포맷 기술 확인만 완료."
busan-F-00015,이재모피자 본점,https://www.visitbusan.net/uploadImgs/files/cntnts/20240419113018528_ttiel,200,image/jpeg,66826,1200,545,valid,not_inspected,use_candidate,"HTTP 200 + JPEG 확인 + 66826B + 1200×545px. 시각 검수 미실시, URL·포맷 기술 확인만 완료."
busan-F-00016,모모스커피,https://www.visitbusan.net/uploadImgs/files/cntnts/20250515123503040_ttiel,200,image/jpeg,61243,1200,545,valid,not_inspected,use_candidate,"HTTP 200 + JPEG 확인 + 61243B + 1200×545px. 시각 검수 미실시, URL·포맷 기술 확인만 완료."
busan-F-00017,배비장보쌈구서본점,https://www.visitbusan.net/uploadImgs/files/cntnts/20230608145054469_ttiel,200,image/jpeg,110066,1200,544,valid,not_inspected,use_candidate,"HTTP 200 + JPEG 확인 + 110066B + 1200×544px. 시각 검수 미실시, URL·포맷 기술 확인만 완료."
busan-F-00018,장수장 꼬리곰탕,https://www.visitbusan.net/uploadImgs/files/cntnts/20230607170754019_ttiel,200,image/jpeg,79686,1200,544,valid,not_inspected,use_candidate,"HTTP 200 + JPEG 확인 + 79686B + 1200×544px. 시각 검수 미실시, URL·포맷 기술 확인만 완료."
busan-F-00019,거대갈비,https://www.visitbusan.net/uploadImgs/files/cntnts/20240419125908808_ttiel,200,image/jpeg,114040,1200,545,valid,not_inspected,use_candidate,"HTTP 200 + JPEG 확인 + 114040B + 1200×545px. 시각 검수 미실시, URL·포맷 기술 확인만 완료."
busan-F-00020,금수복국 해운대본점,https://www.visitbusan.net/uploadImgs/files/cntnts/20240419130448560_ttiel,200,image/jpeg,139086,1200,545,valid,not_inspected,use_candidate,"HTTP 200 + JPEG 확인 + 139086B + 1200×545px. 시각 검수 미실시, URL·포맷 기술 확인만 완료."
busan-F-00021,다온 한정식,https://www.visitbusan.net/uploadImgs/files/cntnts/20191219100305084_ttiel,200,image/jpeg,110298,1200,544,valid,not_inspected,use_candidate,"HTTP 200 + JPEG 확인 + 110298B + 1200×544px. 시각 검수 미실시, URL·포맷 기술 확인만 완료."
busan-F-00022,동백섬횟집,https://www.visitbusan.net/uploadImgs/files/cntnts/20240419134206865_ttiel,200,image/jpeg,102841,1200,545,valid,not_inspected,use_candidate,"HTTP 200 + JPEG 확인 + 102841B + 1200×545px. 시각 검수 미실시, URL·포맷 기술 확인만 완료."
busan-F-00023,르꽁비브,https://www.visitbusan.net/uploadImgs/files/cntnts/20191219101750249_ttiel,200,image/jpeg,40751,1200,544,valid,not_inspected,use_candidate,"HTTP 200 + JPEG 확인 + 40751B + 1200×544px. 시각 검수 미실시, URL·포맷 기술 확인만 완료."
busan-F-00024,파니니브런치본점,https://www.visitbusan.net/uploadImgs/files/cntnts/20230531123640913_ttiel,200,image/jpeg,88811,1200,544,valid,not_inspected,use_candidate,"HTTP 200 + JPEG 확인 + 88811B + 1200×544px. 시각 검수 미실시, URL·포맷 기술 확인만 완료."
busan-F-00025,문스시,https://www.visitbusan.net/uploadImgs/files/cntnts/20200818130348030_ttiel,200,image/jpeg,132759,1200,545,valid,not_inspected,use_candidate,"HTTP 200 + JPEG 확인 + 132759B + 1200×545px. 시각 검수 미실시, URL·포맷 기술 확인만 완료."
busan-F-00026,할매재첩국집,https://www.visitbusan.net/uploadImgs/files/cntnts/20230608100341246_ttiel,200,image/jpeg,58587,1200,544,valid,not_inspected,use_candidate,"HTTP 200 + JPEG 확인 + 58587B + 1200×544px. 시각 검수 미실시, URL·포맷 기술 확인만 완료."
busan-F-00027,예이제,https://www.visitbusan.net/uploadImgs/files/cntnts/20240419174000260_ttiel,200,image/jpeg,46262,1200,545,valid,not_inspected,use_candidate,"HTTP 200 + JPEG 확인 + 46262B + 1200×545px. 시각 검수 미실시, URL·포맷 기술 확인만 완료."
busan-F-00028,합천일류돼지국밥,https://www.visitbusan.net/uploadImgs/files/cntnts/20230605170838962_ttiel,200,image/jpeg,86788,1200,544,valid,not_inspected,use_candidate,"HTTP 200 + JPEG 확인 + 86788B + 1200×544px. 시각 검수 미실시, URL·포맷 기술 확인만 완료."
busan-F-00029,원조석대추어탕,https://www.visitbusan.net/uploadImgs/files/cntnts/20191219104936271_ttiel,200,image/jpeg,96886,1200,544,valid,not_inspected,use_candidate,"HTTP 200 + JPEG 확인 + 96886B + 1200×544px. 시각 검수 미실시, URL·포맷 기술 확인만 완료."
busan-F-00030,웨이브온커피,https://www.visitbusan.net/uploadImgs/files/cntnts/20240416143124508_ttiel,200,image/jpeg,75069,1200,545,valid,not_inspected,use_candidate,"HTTP 200 + JPEG 확인 + 75069B + 1200×545px. 시각 검수 미실시, URL·포맷 기술 확인만 완료."
busan-F-00031,대티물꽁,https://www.visitbusan.net/uploadImgs/files/cntnts/20240417163511863_ttiel,200,image/jpeg,112365,1200,544,valid,not_inspected,use_candidate,"HTTP 200 + JPEG 확인 + 112365B + 1200×544px. 시각 검수 미실시, URL·포맷 기술 확인만 완료."
busan-F-00032,원조18번완당,https://www.visitbusan.net/uploadImgs/files/cntnts/20240418090456625_ttiel,200,image/jpeg,91107,1200,544,valid,not_inspected,use_candidate,"HTTP 200 + JPEG 확인 + 91107B + 1200×544px. 시각 검수 미실시, URL·포맷 기술 확인만 완료."
busan-F-00033,할매복국,https://www.visitbusan.net/uploadImgs/files/cntnts/20191219134018171_ttiel,200,image/jpeg,106324,1200,544,valid,not_inspected,use_candidate,"HTTP 200 + JPEG 확인 + 106324B + 1200×544px. 시각 검수 미실시, URL·포맷 기술 확인만 완료."
busan-F-00034,젠스시,https://www.visitbusan.net/uploadImgs/files/cntnts/20240422090815838_ttiel,200,image/jpeg,78778,1200,545,valid,not_inspected,use_candidate,"HTTP 200 + JPEG 확인 + 78778B + 1200×545px. 시각 검수 미실시, URL·포맷 기술 확인만 완료."
busan-F-00035,신창국밥 본점,https://www.visitbusan.net/uploadImgs/files/cntnts/20240417173744613_ttiel,200,image/jpeg,101586,1200,545,valid,not_inspected,use_candidate,"HTTP 200 + JPEG 확인 + 101586B + 1200×545px. 시각 검수 미실시, URL·포맷 기술 확인만 완료."
busan-F-00036,옛날오막집,https://www.visitbusan.net/uploadImgs/files/cntnts/20240418090136482_ttiel,200,image/jpeg,124584,1200,545,valid,not_inspected,use_candidate,"HTTP 200 + JPEG 확인 + 124584B + 1200×545px. 시각 검수 미실시, URL·포맷 기술 확인만 완료."
busan-F-00037,평안도족발,https://www.visitbusan.net/uploadImgs/files/cntnts/20191219141936064_ttiel,200,image/jpeg,98866,1200,544,valid,not_inspected,use_candidate,"HTTP 200 + JPEG 확인 + 98866B + 1200×544px. 시각 검수 미실시, URL·포맷 기술 확인만 완료."
busan-F-00038,한우숯불양곱창,https://www.visitbusan.net/uploadImgs/files/cntnts/20200819165333332_ttiel,200,image/jpeg,154498,1200,545,valid,not_inspected,use_candidate,"HTTP 200 + JPEG 확인 + 154498B + 1200×545px. 시각 검수 미실시, URL·포맷 기술 확인만 완료."
busan-F-00039,쌍둥이돼지국밥 본점,https://www.visitbusan.net/uploadImgs/files/cntnts/20230607155733028_ttiel,200,image/jpeg,43672,1200,544,valid,not_inspected,use_candidate,"HTTP 200 + JPEG 확인 + 43672B + 1200×544px. 시각 검수 미실시, URL·포맷 기술 확인만 완료."
busan-F-00040,국이네낙지볶음,https://www.visitbusan.net/uploadImgs/files/cntnts/20240418103113463_ttiel,200,image/jpeg,159226,1200,545,valid,not_inspected,use_candidate,"HTTP 200 + JPEG 확인 + 159226B + 1200×545px. 시각 검수 미실시, URL·포맷 기술 확인만 완료."
busan-F-00041,베지나랑,https://www.visitbusan.net/uploadImgs/files/cntnts/20230608142501309_ttiel,200,image/jpeg,115241,1200,545,valid,not_inspected,use_candidate,"HTTP 200 + JPEG 확인 + 115241B + 1200×545px. 시각 검수 미실시, URL·포맷 기술 확인만 완료."
busan-F-00042,광안리신라횟집,https://www.visitbusan.net/uploadImgs/files/cntnts/20230523145317638_ttiel,200,image/jpeg,103050,1200,544,valid,not_inspected,use_candidate,"HTTP 200 + JPEG 확인 + 103050B + 1200×544px. 시각 검수 미실시, URL·포맷 기술 확인만 완료."
busan-F-00043,이층집 564-9,https://www.visitbusan.net/uploadImgs/files/cntnts/20191219153031872_ttiel,200,image/jpeg,110995,1200,544,valid,not_inspected,use_candidate,"HTTP 200 + JPEG 확인 + 110995B + 1200×544px. 시각 검수 미실시, URL·포맷 기술 확인만 완료."
busan-F-00044,초원복국,https://www.visitbusan.net/uploadImgs/files/cntnts/20240416153630841_ttiel,200,image/jpeg,112207,1200,545,valid,not_inspected,use_candidate,"HTTP 200 + JPEG 확인 + 112207B + 1200×545px. 시각 검수 미실시, URL·포맷 기술 확인만 완료."
busan-F-00045,석화한정식,https://www.visitbusan.net/uploadImgs/files/cntnts/20220513092736141_ttiel,200,image/jpeg,63755,1200,545,valid,not_inspected,use_candidate,"HTTP 200 + JPEG 확인 + 63755B + 1200×545px. 시각 검수 미실시, URL·포맷 기술 확인만 완료."
busan-F-00046,내당,https://www.visitbusan.net/uploadImgs/files/cntnts/20240417092928274_ttiel,200,image/jpeg,110365,1200,545,valid,not_inspected,use_candidate,"HTTP 200 + JPEG 확인 + 110365B + 1200×545px. 시각 검수 미실시, URL·포맷 기술 확인만 완료."
busan-F-00047,봉식당,https://www.visitbusan.net/uploadImgs/files/cntnts/20240417103325942_ttiel,200,image/jpeg,83973,1200,545,valid,not_inspected,use_candidate,"HTTP 200 + JPEG 확인 + 83973B + 1200×545px. 시각 검수 미실시, URL·포맷 기술 확인만 완료."
busan-F-00048,신발원,https://www.visitbusan.net/uploadImgs/files/cntnts/20191220111654951_ttiel,200,image/jpeg,77626,1200,545,valid,not_inspected,use_candidate,"HTTP 200 + JPEG 확인 + 77626B + 1200×545px. 시각 검수 미실시, URL·포맷 기술 확인만 완료."
busan-F-00049,초량1941,https://www.visitbusan.net/uploadImgs/files/cntnts/20230601112526719_ttiel,200,image/jpeg,66089,1200,545,valid,not_inspected,use_candidate,"HTTP 200 + JPEG 확인 + 66089B + 1200×545px. 시각 검수 미실시, URL·포맷 기술 확인만 완료."
busan-F-00050,60년 전통 할매국밥,https://www.visitbusan.net/uploadImgs/files/cntnts/20240416171620563_ttiel,200,image/jpeg,64134,1200,545,valid,not_inspected,use_candidate,"HTTP 200 + JPEG 확인 + 64134B + 1200×545px. 시각 검수 미실시, URL·포맷 기술 확인만 완료."
busan-F-00051,함경면옥,https://www.visitbusan.net/uploadImgs/files/cntnts/20220512102852754_ttiel,200,image/jpeg,101271,1200,545,valid,not_inspected,use_candidate,"HTTP 200 + JPEG 확인 + 101271B + 1200×545px. 시각 검수 미실시, URL·포맷 기술 확인만 완료."
busan-F-00052,김유순대구뽈찜,https://www.visitbusan.net/uploadImgs/files/cntnts/20230525155402064_ttiel,200,image/jpeg,77525,1200,544,valid,not_inspected,use_candidate,"HTTP 200 + JPEG 확인 + 77525B + 1200×544px. 시각 검수 미실시, URL·포맷 기술 확인만 완료."
busan-F-00053,백산키친,https://www.visitbusan.net/uploadImgs/files/cntnts/20240416172624208_ttiel,200,image/jpeg,54467,1200,545,valid,not_inspected,use_candidate,"HTTP 200 + JPEG 확인 + 54467B + 1200×545px. 시각 검수 미실시, URL·포맷 기술 확인만 완료."
busan-F-00054,왔다식당,https://www.visitbusan.net/uploadImgs/files/cntnts/20240418143145988_ttiel,200,image/jpeg,143023,1200,545,valid,not_inspected,use_candidate,"HTTP 200 + JPEG 확인 + 143023B + 1200×545px. 시각 검수 미실시, URL·포맷 기술 확인만 완료."
busan-F-00055,영변횟집,https://www.visitbusan.net/uploadImgs/files/cntnts/20200818134302422_ttiel,200,image/jpeg,102940,1200,545,valid,not_inspected,use_candidate,"HTTP 200 + JPEG 확인 + 102940B + 1200×545px. 시각 검수 미실시, URL·포맷 기술 확인만 완료."
busan-F-00056,방코,https://www.visitbusan.net/uploadImgs/files/cntnts/20240415163345618_ttiel,200,image/jpeg,101598,1200,545,valid,not_inspected,use_candidate,"HTTP 200 + JPEG 확인 + 101598B + 1200×545px. 시각 검수 미실시, URL·포맷 기술 확인만 완료."
busan-F-00057,구포촌국수,https://www.visitbusan.net/uploadImgs/files/cntnts/20240415175213819_ttiel,200,image/jpeg,70666,1200,545,valid,not_inspected,use_candidate,"HTTP 200 + JPEG 확인 + 70666B + 1200×545px. 시각 검수 미실시, URL·포맷 기술 확인만 완료."
busan-F-00058,얼크니손칼국수,https://www.visitbusan.net/uploadImgs/files/cntnts/20200819144753937_ttiel,200,image/jpeg,63062,1200,545,valid,not_inspected,use_candidate,"HTTP 200 + JPEG 확인 + 63062B + 1200×545px. 시각 검수 미실시, URL·포맷 기술 확인만 완료."
busan-F-00059,탐복,https://www.visitbusan.net/uploadImgs/files/cntnts/20240416144911943_ttiel,200,image/jpeg,107129,1200,545,valid,not_inspected,use_candidate,"HTTP 200 + JPEG 확인 + 107129B + 1200×545px. 시각 검수 미실시, URL·포맷 기술 확인만 완료."
busan-F-00060,곤국,https://www.visitbusan.net/uploadImgs/files/cntnts/20200819150211450_ttiel,200,image/jpeg,93253,1200,544,valid,not_inspected,use_candidate,"HTTP 200 + JPEG 확인 + 93253B + 1200×544px. 시각 검수 미실시, URL·포맷 기술 확인만 완료."
busan-F-00061,다이닝센 부산본점,https://www.visitbusan.net/uploadImgs/files/cntnts/20200820090928003_ttiel,200,image/png,1489029,1200,544,valid,not_inspected,use_candidate,"HTTP 200 + PNG 확인 + 1489029B + 1200×544px. 시각 검수 미실시, URL·포맷 기술 확인만 완료."
busan-F-00062,오륙도 가원,https://www.visitbusan.net/uploadImgs/files/cntnts/20230603134954264_ttiel,200,image/jpeg,93618,1200,545,valid,not_inspected,use_candidate,"HTTP 200 + JPEG 확인 + 93618B + 1200×545px. 시각 검수 미실시, URL·포맷 기술 확인만 완료."
busan-F-00063,해남식당 부산용호동W스퀘어점,https://www.visitbusan.net/uploadImgs/files/cntnts/20200818153601185_ttiel,200,image/jpeg,136668,1200,545,valid,not_inspected,use_candidate,"HTTP 200 + JPEG 확인 + 136668B + 1200×545px. 시각 검수 미실시, URL·포맷 기술 확인만 완료."
busan-F-00064,범일빈대떡,https://www.visitbusan.net/uploadImgs/files/cntnts/20250515155412591_ttiel,200,image/jpeg,124202,1200,544,valid,not_inspected,use_candidate,"HTTP 200 + JPEG 확인 + 124202B + 1200×544px. 시각 검수 미실시, URL·포맷 기술 확인만 완료."
busan-F-00065,금강만두,https://www.visitbusan.net/uploadImgs/files/cntnts/20230607173727769_ttiel,200,image/jpeg,111062,1200,544,valid,not_inspected,use_candidate,"HTTP 200 + JPEG 확인 + 111062B + 1200×544px. 시각 검수 미실시, URL·포맷 기술 확인만 완료."
busan-F-00066,석화정,https://www.visitbusan.net/uploadImgs/files/cntnts/20230608114815119_ttiel,200,image/jpeg,77021,1200,544,valid,not_inspected,use_candidate,"HTTP 200 + JPEG 확인 + 77021B + 1200×544px. 시각 검수 미실시, URL·포맷 기술 확인만 완료."
busan-F-00067,에테르,https://www.visitbusan.net/uploadImgs/files/cntnts/20240418142653242_ttiel,200,image/jpeg,59150,1200,545,valid,not_inspected,use_candidate,"HTTP 200 + JPEG 확인 + 59150B + 1200×545px. 시각 검수 미실시, URL·포맷 기술 확인만 완료."
busan-F-00068,디저트시네마,https://www.visitbusan.net/uploadImgs/files/cntnts/20240418140108273_ttiel,200,image/jpeg,145374,1200,545,valid,not_inspected,use_candidate,"HTTP 200 + JPEG 확인 + 145374B + 1200×545px. 시각 검수 미실시, URL·포맷 기술 확인만 완료."
busan-F-00069,북경,https://www.visitbusan.net/uploadImgs/files/cntnts/20200819172514790_ttiel,200,image/jpeg,148311,1200,545,valid,not_inspected,use_candidate,"HTTP 200 + JPEG 확인 + 148311B + 1200×545px. 시각 검수 미실시, URL·포맷 기술 확인만 완료."
busan-F-00070,연산낙지해물탕,https://www.visitbusan.net/uploadImgs/files/cntnts/20200819103408604_ttiel,200,image/jpeg,110049,1200,545,valid,not_inspected,use_candidate,"HTTP 200 + JPEG 확인 + 110049B + 1200×545px. 시각 검수 미실시, URL·포맷 기술 확인만 완료."
busan-F-00071,옻바다전복삼계탕,https://www.visitbusan.net/uploadImgs/files/cntnts/20200819105118416_ttiel,200,image/jpeg,139039,1200,545,valid,not_inspected,use_candidate,"HTTP 200 + JPEG 확인 + 139039B + 1200×545px. 시각 검수 미실시, URL·포맷 기술 확인만 완료."
busan-F-00072,팔미초밥,https://www.visitbusan.net/uploadImgs/files/cntnts/20200819110257649_ttiel,200,image/jpeg,103206,1200,545,valid,not_inspected,use_candidate,"HTTP 200 + JPEG 확인 + 103206B + 1200×545px. 시각 검수 미실시, URL·포맷 기술 확인만 완료."
busan-F-00073,다리집 본점,https://www.visitbusan.net/uploadImgs/files/cntnts/20200819112147736_ttiel,200,image/jpeg,152225,1200,545,valid,not_inspected,use_candidate,"HTTP 200 + JPEG 확인 + 152225B + 1200×545px. 시각 검수 미실시, URL·포맷 기술 확인만 완료."
busan-F-00074,남촌,https://www.visitbusan.net/uploadImgs/files/cntnts/20240417155301384_ttiel,200,image/jpeg,80246,1200,545,valid,not_inspected,use_candidate,"HTTP 200 + JPEG 확인 + 80246B + 1200×545px. 시각 검수 미실시, URL·포맷 기술 확인만 완료."
busan-F-00075,북경의자전거,https://www.visitbusan.net/uploadImgs/files/cntnts/20200820091146813_ttiel,200,image/png,1470111,1200,544,valid,not_inspected,use_candidate,"HTTP 200 + PNG 확인 + 1470111B + 1200×544px. 시각 검수 미실시, URL·포맷 기술 확인만 완료."
busan-F-00076,광안리 언양불고기 부산집,https://www.visitbusan.net/uploadImgs/files/cntnts/20240418102343022_ttiel,200,image/jpeg,87103,1200,545,valid,not_inspected,use_candidate,"HTTP 200 + JPEG 확인 + 87103B + 1200×545px. 시각 검수 미실시, URL·포맷 기술 확인만 완료."
busan-F-00077,식당 3선 덕천점,https://www.visitbusan.net/uploadImgs/files/cntnts/20200819154140644_ttiel,200,image/jpeg,135132,1200,545,valid,not_inspected,use_candidate,"HTTP 200 + JPEG 확인 + 135132B + 1200×545px. 시각 검수 미실시, URL·포맷 기술 확인만 완료."
busan-F-00078,함경면옥 덕천점,https://www.visitbusan.net/uploadImgs/files/cntnts/20200820091029413_ttiel,200,image/png,1791749,1200,545,valid,not_inspected,use_candidate,"HTTP 200 + PNG 확인 + 1791749B + 1200×545px. 시각 검수 미실시, URL·포맷 기술 확인만 완료."
busan-F-00079,홍옥당,https://www.visitbusan.net/uploadImgs/files/cntnts/20230531122205481_ttiel,200,image/jpeg,80406,1200,545,valid,not_inspected,use_candidate,"HTTP 200 + JPEG 확인 + 80406B + 1200×545px. 시각 검수 미실시, URL·포맷 기술 확인만 완료."
busan-F-00080,디에이블 송도점,https://www.visitbusan.net/uploadImgs/files/cntnts/20200819132345743_ttiel,200,image/jpeg,58946,1200,545,valid,not_inspected,use_candidate,"HTTP 200 + JPEG 확인 + 58946B + 1200×545px. 시각 검수 미실시, URL·포맷 기술 확인만 완료."
busan-F-00081,몽실종가돼지국밥 감천문화마을 본점,https://www.visitbusan.net/uploadImgs/files/cntnts/20240417173451717_ttiel,200,image/jpeg,58641,1200,545,valid,not_inspected,use_candidate,"HTTP 200 + JPEG 확인 + 58641B + 1200×545px. 시각 검수 미실시, URL·포맷 기술 확인만 완료."
busan-F-00082,식당 토성동,https://www.visitbusan.net/uploadImgs/files/cntnts/20200819133843312_ttiel,200,image/jpeg,74976,1200,545,valid,not_inspected,use_candidate,"HTTP 200 + JPEG 확인 + 74976B + 1200×545px. 시각 검수 미실시, URL·포맷 기술 확인만 완료."
busan-F-00083,청죽,https://www.visitbusan.net/uploadImgs/files/cntnts/20200819134238418_ttiel,200,image/jpeg,140501,1200,544,valid,not_inspected,use_candidate,"HTTP 200 + JPEG 확인 + 140501B + 1200×544px. 시각 검수 미실시, URL·포맷 기술 확인만 완료."
busan-F-00084,편의방,https://www.visitbusan.net/uploadImgs/files/cntnts/20240418091306849_ttiel,200,image/jpeg,122884,1200,545,valid,not_inspected,use_candidate,"HTTP 200 + JPEG 확인 + 122884B + 1200×545px. 시각 검수 미실시, URL·포맷 기술 확인만 완료."
busan-F-00085,동원장수촌,https://www.visitbusan.net/uploadImgs/files/cntnts/20230607132213312_ttiel,200,image/jpeg,108925,1200,545,valid,not_inspected,use_candidate,"HTTP 200 + JPEG 확인 + 108925B + 1200×545px. 시각 검수 미실시, URL·포맷 기술 확인만 완료."
busan-F-00086,포항가자미물회국수말이전문점,https://www.visitbusan.net/uploadImgs/files/cntnts/20200819143114772_ttiel,200,image/jpeg,107856,1200,544,valid,not_inspected,use_candidate,"HTTP 200 + JPEG 확인 + 107856B + 1200×544px. 시각 검수 미실시, URL·포맷 기술 확인만 완료."
busan-F-00087,괘법쭈꾸미전문점,https://www.visitbusan.net/uploadImgs/files/cntnts/20200819161305335_ttiel,200,image/jpeg,156415,1200,545,valid,not_inspected,use_candidate,"HTTP 200 + JPEG 확인 + 156415B + 1200×545px. 시각 검수 미실시, URL·포맷 기술 확인만 완료."
busan-F-00088,삼진어묵 본점,https://www.visitbusan.net/uploadImgs/files/cntnts/20210415134915004_ttiel,200,image/jpeg,112622,1200,545,valid,not_inspected,use_candidate,"HTTP 200 + JPEG 확인 + 112622B + 1200×545px. 시각 검수 미실시, URL·포맷 기술 확인만 완료."
busan-F-00089,광명집,https://www.visitbusan.net/uploadImgs/files/cntnts/20250515142651174_ttiel,200,image/jpeg,90200,1200,545,valid,not_inspected,use_candidate,"HTTP 200 + JPEG 확인 + 90200B + 1200×545px. 시각 검수 미실시, URL·포맷 기술 확인만 완료."
busan-F-00090,명지첫집 국제신도시본점,https://www.visitbusan.net/uploadImgs/files/cntnts/20230607165446819_ttiel,200,image/jpeg,113257,1200,544,valid,not_inspected,use_candidate,"HTTP 200 + JPEG 확인 + 113257B + 1200×544px. 시각 검수 미실시, URL·포맷 기술 확인만 완료."
busan-F-00091,명품외식 육면정,https://www.visitbusan.net/uploadImgs/files/cntnts/20210913100010495_ttiel,200,image/jpeg,151080,1200,545,valid,not_inspected,use_candidate,"HTTP 200 + JPEG 확인 + 151080B + 1200×545px. 시각 검수 미실시, URL·포맷 기술 확인만 완료."
busan-F-00092,호포갈비 문현점,https://www.visitbusan.net/uploadImgs/files/cntnts/20230601215049360_ttiel,200,image/jpeg,125061,1200,545,valid,not_inspected,use_candidate,"HTTP 200 + JPEG 확인 + 125061B + 1200×545px. 시각 검수 미실시, URL·포맷 기술 확인만 완료."
busan-F-00093,평산옥,https://www.visitbusan.net/uploadImgs/files/cntnts/20210913104329974_ttiel,200,image/jpeg,122176,1200,545,valid,not_inspected,use_candidate,"HTTP 200 + JPEG 확인 + 122176B + 1200×545px. 시각 검수 미실시, URL·포맷 기술 확인만 완료."
busan-F-00094,공감식당,https://www.visitbusan.net/uploadImgs/files/cntnts/20210913110103549_ttiel,200,image/jpeg,118054,1200,545,valid,not_inspected,use_candidate,"HTTP 200 + JPEG 확인 + 118054B + 1200×545px. 시각 검수 미실시, URL·포맷 기술 확인만 완료."
busan-F-00095,다옴 서면 삼정타워점,https://www.visitbusan.net/uploadImgs/files/cntnts/20210913110833421_ttiel,200,image/jpeg,98772,1200,545,valid,not_inspected,use_candidate,"HTTP 200 + JPEG 확인 + 98772B + 1200×545px. 시각 검수 미실시, URL·포맷 기술 확인만 완료."
busan-F-00096,당감밀면,https://www.visitbusan.net/uploadImgs/files/cntnts/20210913111405621_ttiel,200,image/jpeg,76544,1200,545,valid,not_inspected,use_candidate,"HTTP 200 + JPEG 확인 + 76544B + 1200×545px. 시각 검수 미실시, URL·포맷 기술 확인만 완료."
busan-F-00097,버거샵 서면,https://www.visitbusan.net/uploadImgs/files/cntnts/20210913112340644_ttiel,200,image/jpeg,92291,1200,544,valid,not_inspected,use_candidate,"HTTP 200 + JPEG 확인 + 92291B + 1200×544px. 시각 검수 미실시, URL·포맷 기술 확인만 완료."
busan-F-00098,소수인,https://www.visitbusan.net/uploadImgs/files/cntnts/20250523160110075_ttiel,200,image/jpeg,109489,1200,545,valid,not_inspected,use_candidate,"HTTP 200 + JPEG 확인 + 109489B + 1200×545px. 시각 검수 미실시, URL·포맷 기술 확인만 완료."
busan-F-00099,양평칼국수 본점,https://www.visitbusan.net/uploadImgs/files/cntnts/20210913114940489_ttiel,200,image/jpeg,128271,1200,545,valid,not_inspected,use_candidate,"HTTP 200 + JPEG 확인 + 128271B + 1200×545px. 시각 검수 미실시, URL·포맷 기술 확인만 완료."
busan-F-00100,영진돼지국밥 본점,https://www.visitbusan.net/uploadImgs/files/cntnts/20240417165519984_ttiel,200,image/jpeg,93790,1200,545,valid,not_inspected,use_candidate,"HTTP 200 + JPEG 확인 + 93790B + 1200×545px. 시각 검수 미실시, URL·포맷 기술 확인만 완료."
busan-F-00101,신흥반점,https://www.visitbusan.net/uploadImgs/files/cntnts/20210913133410983_ttiel,200,image/jpeg,105564,1200,545,valid,not_inspected,use_candidate,"HTTP 200 + JPEG 확인 + 105564B + 1200×545px. 시각 검수 미실시, URL·포맷 기술 확인만 완료."
busan-F-00102,동원숯불갈비,https://www.visitbusan.net/uploadImgs/files/cntnts/20210913141552746_ttiel,200,image/jpeg,150605,1200,545,valid,not_inspected,use_candidate,"HTTP 200 + JPEG 확인 + 150605B + 1200×545px. 시각 검수 미실시, URL·포맷 기술 확인만 완료."
busan-F-00103,도날드,https://www.visitbusan.net/uploadImgs/files/cntnts/20240418141930357_ttiel,200,image/jpeg,116811,1200,545,valid,not_inspected,use_candidate,"HTTP 200 + JPEG 확인 + 116811B + 1200×545px. 시각 검수 미실시, URL·포맷 기술 확인만 완료."
busan-F-00104,영도우,https://www.visitbusan.net/uploadImgs/files/cntnts/20210913152113856_ttiel,200,image/jpeg,134754,1200,545,valid,not_inspected,use_candidate,"HTTP 200 + JPEG 확인 + 134754B + 1200×545px. 시각 검수 미실시, URL·포맷 기술 확인만 완료."
busan-F-00105,함흥보쌈사계절냉면,https://www.visitbusan.net/uploadImgs/files/cntnts/20210913152733413_ttiel,200,image/jpeg,66971,1200,544,valid,not_inspected,use_candidate,"HTTP 200 + JPEG 확인 + 66971B + 1200×544px. 시각 검수 미실시, URL·포맷 기술 확인만 완료."
busan-F-00106,원산면옥,https://www.visitbusan.net/uploadImgs/files/cntnts/20240419110909568_ttiel,200,image/jpeg,68495,1200,545,valid,not_inspected,use_candidate,"HTTP 200 + JPEG 확인 + 68495B + 1200×545px. 시각 검수 미실시, URL·포맷 기술 확인만 완료."
busan-F-00107,개미집신도시점,https://www.visitbusan.net/uploadImgs/files/cntnts/20210913153737388_ttiel,200,image/jpeg,107627,1200,545,valid,not_inspected,use_candidate,"HTTP 200 + JPEG 확인 + 107627B + 1200×545px. 시각 검수 미실시, URL·포맷 기술 확인만 완료."
busan-F-00108,오리한상 명지본점,https://www.visitbusan.net/uploadImgs/files/cntnts/20220510145207922_ttiel,200,image/jpeg,120867,1200,545,valid,not_inspected,use_candidate,"HTTP 200 + JPEG 확인 + 120867B + 1200×545px. 시각 검수 미실시, URL·포맷 기술 확인만 완료."
busan-F-00109,만포밀면옥,https://www.visitbusan.net/uploadImgs/files/cntnts/20220510161651267_ttiel,200,image/jpeg,116885,1200,545,valid,not_inspected,use_candidate,"HTTP 200 + JPEG 확인 + 116885B + 1200×545px. 시각 검수 미실시, URL·포맷 기술 확인만 완료."
busan-F-00110,맛사랑채,https://www.visitbusan.net/uploadImgs/files/cntnts/20220510170244967_ttiel,200,image/jpeg,162585,1200,545,valid,not_inspected,use_candidate,"HTTP 200 + JPEG 확인 + 162585B + 1200×545px. 시각 검수 미실시, URL·포맷 기술 확인만 완료."
busan-F-00111,우정까망촌돼지,https://www.visitbusan.net/uploadImgs/files/cntnts/20220510173949671_ttiel,200,image/jpeg,164757,1200,545,valid,not_inspected,use_candidate,"HTTP 200 + JPEG 확인 + 164757B + 1200×545px. 시각 검수 미실시, URL·포맷 기술 확인만 완료."
busan-F-00112,금랑횟집 광안리본점,https://www.visitbusan.net/uploadImgs/files/cntnts/20220510180602206_ttiel,200,image/jpeg,147095,1200,545,valid,not_inspected,use_candidate,"HTTP 200 + JPEG 확인 + 147095B + 1200×545px. 시각 검수 미실시, URL·포맷 기술 확인만 완료."
busan-F-00113,난파센,https://www.visitbusan.net/uploadImgs/files/cntnts/20220511104527053_ttiel,200,image/jpeg,76510,1200,545,valid,not_inspected,use_candidate,"HTTP 200 + JPEG 확인 + 76510B + 1200×545px. 시각 검수 미실시, URL·포맷 기술 확인만 완료."
busan-F-00114,화국반점,https://www.visitbusan.net/uploadImgs/files/cntnts/20230602160354975_ttiel,200,image/jpeg,49252,1200,544,valid,not_inspected,use_candidate,"HTTP 200 + JPEG 확인 + 49252B + 1200×544px. 시각 검수 미실시, URL·포맷 기술 확인만 완료."
busan-F-00115,로얄경양식&스테이크 광안점,https://www.visitbusan.net/uploadImgs/files/cntnts/20220511111431528_ttiel,200,image/jpeg,142786,1200,544,valid,not_inspected,use_candidate,"HTTP 200 + JPEG 확인 + 142786B + 1200×544px. 시각 검수 미실시, URL·포맷 기술 확인만 완료."
busan-F-00116,본참치,https://www.visitbusan.net/uploadImgs/files/cntnts/20240419095246698_ttiel,200,image/jpeg,115668,1200,545,valid,not_inspected,use_candidate,"HTTP 200 + JPEG 확인 + 115668B + 1200×545px. 시각 검수 미실시, URL·포맷 기술 확인만 완료."
busan-F-00117,무궁화,https://www.visitbusan.net/uploadImgs/files/cntnts/20220511113221248_ttiel,200,image/jpeg,89950,1200,544,valid,not_inspected,use_candidate,"HTTP 200 + JPEG 확인 + 89950B + 1200×544px. 시각 검수 미실시, URL·포맷 기술 확인만 완료."
busan-F-00118,어가초밥,https://www.visitbusan.net/uploadImgs/files/cntnts/20220511113442878_ttiel,200,image/jpeg,166542,1200,545,valid,not_inspected,use_candidate,"HTTP 200 + JPEG 확인 + 166542B + 1200×545px. 시각 검수 미실시, URL·포맷 기술 확인만 완료."
busan-F-00119,배꼽시계,https://www.visitbusan.net/uploadImgs/files/cntnts/20220511115114884_ttiel,200,image/jpeg,96953,1200,545,valid,not_inspected,use_candidate,"HTTP 200 + JPEG 확인 + 96953B + 1200×545px. 시각 검수 미실시, URL·포맷 기술 확인만 완료."
busan-F-00120,사랑도횟집,https://www.visitbusan.net/uploadImgs/files/cntnts/20220511131104127_ttiel,200,image/jpeg,120564,1200,545,valid,not_inspected,use_candidate,"HTTP 200 + JPEG 확인 + 120564B + 1200×545px. 시각 검수 미실시, URL·포맷 기술 확인만 완료."
busan-F-00121,삼송초밥 부산남포본점,https://www.visitbusan.net/uploadImgs/files/cntnts/20240419104310358_ttiel,200,image/jpeg,68713,1200,545,valid,not_inspected,use_candidate,"HTTP 200 + JPEG 확인 + 68713B + 1200×545px. 시각 검수 미실시, URL·포맷 기술 확인만 완료."
busan-F-00122,솔리보,https://www.visitbusan.net/uploadImgs/files/cntnts/20220511132220417_ttiel,200,image/jpeg,111819,1200,545,valid,not_inspected,use_candidate,"HTTP 200 + JPEG 확인 + 111819B + 1200×545px. 시각 검수 미실시, URL·포맷 기술 확인만 완료."
busan-F-00123,부산족발,https://www.visitbusan.net/uploadImgs/files/cntnts/20230608133922872_ttiel,200,image/jpeg,62227,1200,544,valid,not_inspected,use_candidate,"HTTP 200 + JPEG 확인 + 62227B + 1200×544px. 시각 검수 미실시, URL·포맷 기술 확인만 완료."
busan-F-00124,포에버얌 부산기장점,https://www.visitbusan.net/uploadImgs/files/cntnts/20220511133523476_ttiel,200,image/jpeg,102158,1200,545,valid,not_inspected,use_candidate,"HTTP 200 + JPEG 확인 + 102158B + 1200×545px. 시각 검수 미실시, URL·포맷 기술 확인만 완료."
busan-F-00125,물레방아 즉석구이,https://www.visitbusan.net/uploadImgs/files/cntnts/20220511134126759_ttiel,200,image/jpeg,177238,1200,545,valid,not_inspected,use_candidate,"HTTP 200 + JPEG 확인 + 177238B + 1200×545px. 시각 검수 미실시, URL·포맷 기술 확인만 완료."
busan-F-00126,양귀빈 식당 3호점,https://www.visitbusan.net/uploadImgs/files/cntnts/20220511135001245_ttiel,200,image/jpeg,140732,1200,545,valid,not_inspected,use_candidate,"HTTP 200 + JPEG 확인 + 140732B + 1200×545px. 시각 검수 미실시, URL·포맷 기술 확인만 완료."
busan-F-00127,고민끝에여기,https://www.visitbusan.net/uploadImgs/files/cntnts/20220511135506636_ttiel,200,image/jpeg,92209,1200,545,valid,not_inspected,use_candidate,"HTTP 200 + JPEG 확인 + 92209B + 1200×545px. 시각 검수 미실시, URL·포맷 기술 확인만 완료."
busan-F-00128,명송초밥,https://www.visitbusan.net/uploadImgs/files/cntnts/20220511140134038_ttiel,200,image/jpeg,110051,1200,545,valid,not_inspected,use_candidate,"HTTP 200 + JPEG 확인 + 110051B + 1200×545px. 시각 검수 미실시, URL·포맷 기술 확인만 완료."
busan-F-00129,다께,https://www.visitbusan.net/uploadImgs/files/cntnts/20220511140420748_ttiel,200,image/jpeg,102275,1200,544,valid,not_inspected,use_candidate,"HTTP 200 + JPEG 확인 + 102275B + 1200×544px. 시각 검수 미실시, URL·포맷 기술 확인만 완료."
busan-F-00130,남포삼계탕,https://www.visitbusan.net/uploadImgs/files/cntnts/20220511141051338_ttiel,200,image/jpeg,60265,1200,545,valid,not_inspected,use_candidate,"HTTP 200 + JPEG 확인 + 60265B + 1200×545px. 시각 검수 미실시, URL·포맷 기술 확인만 완료."
busan-F-00131,지에이비148,https://www.visitbusan.net/uploadImgs/files/cntnts/20220511141322616_ttiel,200,image/jpeg,163392,1200,545,valid,not_inspected,use_candidate,"HTTP 200 + JPEG 확인 + 163392B + 1200×545px. 시각 검수 미실시, URL·포맷 기술 확인만 완료."
busan-F-00132,대수정,https://www.visitbusan.net/uploadImgs/files/cntnts/20220511141556325_ttiel,200,image/jpeg,86054,1200,545,valid,not_inspected,use_candidate,"HTTP 200 + JPEG 확인 + 86054B + 1200×545px. 시각 검수 미실시, URL·포맷 기술 확인만 완료."
busan-F-00133,목장원,https://www.visitbusan.net/uploadImgs/files/cntnts/20240418142211660_ttiel,200,image/jpeg,60959,1200,545,valid,not_inspected,use_candidate,"HTTP 200 + JPEG 확인 + 60959B + 1200×545px. 시각 검수 미실시, URL·포맷 기술 확인만 완료."
busan-F-00134,톤쇼우 광안점,https://www.visitbusan.net/uploadImgs/files/cntnts/20220511142349184_ttiel,200,image/jpeg,87360,1200,545,valid,not_inspected,use_candidate,"HTTP 200 + JPEG 확인 + 87360B + 1200×545px. 시각 검수 미실시, URL·포맷 기술 확인만 완료."
busan-F-00135,그라치에,https://www.visitbusan.net/uploadImgs/files/cntnts/20240418141051840_ttiel,200,image/jpeg,68585,1200,545,valid,not_inspected,use_candidate,"HTTP 200 + JPEG 확인 + 68585B + 1200×545px. 시각 검수 미실시, URL·포맷 기술 확인만 완료."
busan-F-00136,동촌황정순수육전골,https://www.visitbusan.net/uploadImgs/files/cntnts/20220511153102499_ttiel,200,image/jpeg,152057,1200,545,valid,not_inspected,use_candidate,"HTTP 200 + JPEG 확인 + 152057B + 1200×545px. 시각 검수 미실시, URL·포맷 기술 확인만 완료."
busan-F-00137,소우닭계,https://www.visitbusan.net/uploadImgs/files/cntnts/20220511154322467_ttiel,200,image/jpeg,168702,1200,545,valid,not_inspected,use_candidate,"HTTP 200 + JPEG 확인 + 168702B + 1200×545px. 시각 검수 미실시, URL·포맷 기술 확인만 완료."
busan-F-00138,양지추어탕,https://www.visitbusan.net/uploadImgs/files/cntnts/20220511160051644_ttiel,200,image/jpeg,96735,1200,545,valid,not_inspected,use_candidate,"HTTP 200 + JPEG 확인 + 96735B + 1200×545px. 시각 검수 미실시, URL·포맷 기술 확인만 완료."
busan-F-00139,초량통닭,https://www.visitbusan.net/uploadImgs/files/cntnts/20220511163126270_ttiel,200,image/jpeg,137686,1200,545,valid,not_inspected,use_candidate,"HTTP 200 + JPEG 확인 + 137686B + 1200×545px. 시각 검수 미실시, URL·포맷 기술 확인만 완료."
busan-F-00140,홍성방 본점,https://www.visitbusan.net/uploadImgs/files/cntnts/20240416173708292_ttiel,200,image/jpeg,74740,1200,545,valid,not_inspected,use_candidate,"HTTP 200 + JPEG 확인 + 74740B + 1200×545px. 시각 검수 미실시, URL·포맷 기술 확인만 완료."
busan-F-00141,먹음직 온천천점,https://www.visitbusan.net/uploadImgs/files/cntnts/20220511173540705_ttiel,200,image/jpeg,84327,1200,545,valid,not_inspected,use_candidate,"HTTP 200 + JPEG 확인 + 84327B + 1200×545px. 시각 검수 미실시, URL·포맷 기술 확인만 완료."
busan-F-00142,미미루,https://www.visitbusan.net/uploadImgs/files/cntnts/20240417100446762_ttiel,200,image/jpeg,133870,1200,545,valid,not_inspected,use_candidate,"HTTP 200 + JPEG 확인 + 133870B + 1200×545px. 시각 검수 미실시, URL·포맷 기술 확인만 완료."
busan-F-00143,밀보스79,https://www.visitbusan.net/uploadImgs/files/cntnts/20220511175416697_ttiel,200,image/jpeg,157504,1200,544,valid,not_inspected,use_candidate,"HTTP 200 + JPEG 확인 + 157504B + 1200×544px. 시각 검수 미실시, URL·포맷 기술 확인만 완료."
busan-F-00144,세연정,https://www.visitbusan.net/uploadImgs/files/cntnts/20220512093357835_ttiel,200,image/jpeg,195283,1200,545,valid,not_inspected,use_candidate,"HTTP 200 + JPEG 확인 + 195283B + 1200×545px. 시각 검수 미실시, URL·포맷 기술 확인만 완료."
busan-F-00145,조방낙지마당,https://www.visitbusan.net/uploadImgs/files/cntnts/20220512094717830_ttiel,200,image/jpeg,150403,1200,545,valid,not_inspected,use_candidate,"HTTP 200 + JPEG 확인 + 150403B + 1200×545px. 시각 검수 미실시, URL·포맷 기술 확인만 완료."
busan-F-00146,초록담미역국,https://www.visitbusan.net/uploadImgs/files/cntnts/20230608101144664_ttiel,200,image/jpeg,69333,1200,544,valid,not_inspected,use_candidate,"HTTP 200 + JPEG 확인 + 69333B + 1200×544px. 시각 검수 미실시, URL·포맷 기술 확인만 완료."
busan-F-00147,타이빈,https://www.visitbusan.net/uploadImgs/files/cntnts/20250515170015997_ttiel,200,image/jpeg,100263,1200,545,valid,not_inspected,use_candidate,"HTTP 200 + JPEG 확인 + 100263B + 1200×545px. 시각 검수 미실시, URL·포맷 기술 확인만 완료."
busan-F-00148,경찰서옆초밥집,https://www.visitbusan.net/uploadImgs/files/cntnts/20220512104118922_ttiel,200,image/jpeg,84836,1200,545,valid,not_inspected,use_candidate,"HTTP 200 + JPEG 확인 + 84836B + 1200×545px. 시각 검수 미실시, URL·포맷 기술 확인만 완료."
busan-F-00149,동백아가씨1961 서면점,https://www.visitbusan.net/uploadImgs/files/cntnts/20220512105240390_ttiel,200,image/jpeg,136768,1200,545,valid,not_inspected,use_candidate,"HTTP 200 + JPEG 확인 + 136768B + 1200×545px. 시각 검수 미실시, URL·포맷 기술 확인만 완료."
busan-F-00150,장어촌,https://www.visitbusan.net/uploadImgs/files/cntnts/20230602134652545_ttiel,200,image/jpeg,121477,1200,544,valid,not_inspected,use_candidate,"HTTP 200 + JPEG 확인 + 121477B + 1200×544px. 시각 검수 미실시, URL·포맷 기술 확인만 완료."
busan-F-00151,전통음식점 원양,https://www.visitbusan.net/uploadImgs/files/cntnts/20220512113115093_ttiel,200,image/jpeg,133796,1200,545,valid,not_inspected,use_candidate,"HTTP 200 + JPEG 확인 + 133796B + 1200×545px. 시각 검수 미실시, URL·포맷 기술 확인만 완료."
busan-F-00152,구공탄,https://www.visitbusan.net/uploadImgs/files/cntnts/20220512114353372_ttiel,200,image/jpeg,132298,1200,545,valid,not_inspected,use_candidate,"HTTP 200 + JPEG 확인 + 132298B + 1200×545px. 시각 검수 미실시, URL·포맷 기술 확인만 완료."
busan-F-00153,금용만두,https://www.visitbusan.net/uploadImgs/files/cntnts/20240417154726545_ttiel,200,image/jpeg,143500,1200,545,valid,not_inspected,use_candidate,"HTTP 200 + JPEG 확인 + 143500B + 1200×545px. 시각 검수 미실시, URL·포맷 기술 확인만 완료."
busan-F-00154,웅천집,https://www.visitbusan.net/uploadImgs/files/cntnts/20220512131313725_ttiel,200,image/jpeg,160829,1200,545,valid,not_inspected,use_candidate,"HTTP 200 + JPEG 확인 + 160829B + 1200×545px. 시각 검수 미실시, URL·포맷 기술 확인만 완료."
busan-F-00155,평양집,https://www.visitbusan.net/uploadImgs/files/cntnts/20220512143357001_ttiel,200,image/jpeg,125112,1200,545,valid,not_inspected,use_candidate,"HTTP 200 + JPEG 확인 + 125112B + 1200×545px. 시각 검수 미실시, URL·포맷 기술 확인만 완료."
busan-F-00156,대왕불맛,https://www.visitbusan.net/uploadImgs/files/cntnts/20220512145041261_ttiel,200,image/jpeg,170152,1200,544,valid,not_inspected,use_candidate,"HTTP 200 + JPEG 확인 + 170152B + 1200×544px. 시각 검수 미실시, URL·포맷 기술 확인만 완료."
busan-F-00157,전골그집 주례본점,https://www.visitbusan.net/uploadImgs/files/cntnts/20220512155859812_ttiel,200,image/jpeg,81020,1200,544,valid,not_inspected,use_candidate,"HTTP 200 + JPEG 확인 + 81020B + 1200×544px. 시각 검수 미실시, URL·포맷 기술 확인만 완료."
busan-F-00158,함양본가어탕국수,https://www.visitbusan.net/uploadImgs/files/cntnts/20220512164338161_ttiel,200,image/jpeg,130434,1200,544,valid,not_inspected,use_candidate,"HTTP 200 + JPEG 확인 + 130434B + 1200×544px. 시각 검수 미실시, URL·포맷 기술 확인만 완료."
busan-F-00159,오공떵번,https://www.visitbusan.net/uploadImgs/files/cntnts/20220512165954952_ttiel,200,image/jpeg,122414,1200,545,valid,not_inspected,use_candidate,"HTTP 200 + JPEG 확인 + 122414B + 1200×545px. 시각 검수 미실시, URL·포맷 기술 확인만 완료."
busan-F-00160,우연횟집,https://www.visitbusan.net/uploadImgs/files/cntnts/20220512175424144_ttiel,200,image/jpeg,106375,1200,545,valid,not_inspected,use_candidate,"HTTP 200 + JPEG 확인 + 106375B + 1200×545px. 시각 검수 미실시, URL·포맷 기술 확인만 완료."
busan-F-00161,마파람해물찜해물탕 구서본점,https://www.visitbusan.net/uploadImgs/files/cntnts/20230523140214260_ttiel,200,image/jpeg,189285,1200,545,valid,not_inspected,use_candidate,"HTTP 200 + JPEG 확인 + 189285B + 1200×545px. 시각 검수 미실시, URL·포맷 기술 확인만 완료."
busan-F-00162,청해수산,https://www.visitbusan.net/uploadImgs/files/cntnts/20240418144242123_ttiel,200,image/jpeg,129654,1200,545,valid,not_inspected,use_candidate,"HTTP 200 + JPEG 확인 + 129654B + 1200×545px. 시각 검수 미실시, URL·포맷 기술 확인만 완료."
busan-F-00163,궁중해물탕 조씨집 대연본점,https://www.visitbusan.net/uploadImgs/files/cntnts/20230524163636778_ttiel,200,image/jpeg,134865,1200,545,valid,not_inspected,use_candidate,"HTTP 200 + JPEG 확인 + 134865B + 1200×545px. 시각 검수 미실시, URL·포맷 기술 확인만 완료."
busan-F-00164,까치횟집,https://www.visitbusan.net/uploadImgs/files/cntnts/20230524164757051_ttiel,200,image/jpeg,97554,1200,544,valid,not_inspected,use_candidate,"HTTP 200 + JPEG 확인 + 97554B + 1200×544px. 시각 검수 미실시, URL·포맷 기술 확인만 완료."
busan-F-00165,미청식당,https://www.visitbusan.net/uploadImgs/files/cntnts/20230525150604270_ttiel,200,image/jpeg,88372,1200,544,valid,not_inspected,use_candidate,"HTTP 200 + JPEG 확인 + 88372B + 1200×544px. 시각 검수 미실시, URL·포맷 기술 확인만 완료."
busan-F-00166,피아크 카페&베이커리,https://www.visitbusan.net/uploadImgs/files/cntnts/20250529162311917_ttiel,200,image/jpeg,22201,1200,545,valid,not_inspected,use_candidate,"HTTP 200 + JPEG 확인 + 22201B + 1200×545px. 시각 검수 미실시, URL·포맷 기술 확인만 완료."
busan-F-00167,큐제,https://www.visitbusan.net/uploadImgs/files/cntnts/20230531124838775_ttiel,200,image/jpeg,110491,1200,545,valid,not_inspected,use_candidate,"HTTP 200 + JPEG 확인 + 110491B + 1200×545px. 시각 검수 미실시, URL·포맷 기술 확인만 완료."
busan-F-00168,커피스가모 인 서면,https://www.visitbusan.net/uploadImgs/files/cntnts/20230531125707807_ttiel,200,image/jpeg,48223,1200,545,valid,not_inspected,use_candidate,"HTTP 200 + JPEG 확인 + 48223B + 1200×545px. 시각 검수 미실시, URL·포맷 기술 확인만 완료."
busan-F-00169,칠암사계,https://www.visitbusan.net/uploadImgs/files/cntnts/20240416143959104_ttiel,200,image/jpeg,96653,1200,545,valid,not_inspected,use_candidate,"HTTP 200 + JPEG 확인 + 96653B + 1200×545px. 시각 검수 미실시, URL·포맷 기술 확인만 완료."
busan-F-00170,초량온당,https://www.visitbusan.net/uploadImgs/files/cntnts/20240416173526207_ttiel,200,image/jpeg,72177,1200,545,valid,not_inspected,use_candidate,"HTTP 200 + JPEG 확인 + 72177B + 1200×545px. 시각 검수 미실시, URL·포맷 기술 확인만 완료."
busan-F-00171,원조 바다집,https://www.visitbusan.net/uploadImgs/files/cntnts/20240419111526831_ttiel,200,image/jpeg,89504,1200,545,valid,not_inspected,use_candidate,"HTTP 200 + JPEG 확인 + 89504B + 1200×545px. 시각 검수 미실시, URL·포맷 기술 확인만 완료."
busan-F-00172,이흥용과자점 부산대직영점,https://www.visitbusan.net/uploadImgs/files/cntnts/20240416104103550_ttiel,200,image/jpeg,126900,1200,545,valid,not_inspected,use_candidate,"HTTP 200 + JPEG 확인 + 126900B + 1200×545px. 시각 검수 미실시, URL·포맷 기술 확인만 완료."
busan-F-00173,소문난원조조방낙지본점,https://www.visitbusan.net/uploadImgs/files/cntnts/20230601144332074_ttiel,200,image/jpeg,75825,1200,544,valid,not_inspected,use_candidate,"HTTP 200 + JPEG 확인 + 75825B + 1200×544px. 시각 검수 미실시, URL·포맷 기술 확인만 완료."
busan-F-00174,오대양횟집,https://www.visitbusan.net/uploadImgs/files/cntnts/20230601145535123_ttiel,200,image/jpeg,90165,1200,544,valid,not_inspected,use_candidate,"HTTP 200 + JPEG 확인 + 90165B + 1200×544px. 시각 검수 미실시, URL·포맷 기술 확인만 완료."
busan-F-00175,오륙도낙지 범일본점,https://www.visitbusan.net/uploadImgs/files/cntnts/20230601150706501_ttiel,200,image/jpeg,47732,1200,544,valid,not_inspected,use_candidate,"HTTP 200 + JPEG 확인 + 47732B + 1200×544px. 시각 검수 미실시, URL·포맷 기술 확인만 완료."
busan-F-00176,일미아구찜,https://www.visitbusan.net/uploadImgs/files/cntnts/20240416143826363_ttiel,200,image/jpeg,85501,1200,545,valid,not_inspected,use_candidate,"HTTP 200 + JPEG 확인 + 85501B + 1200×545px. 시각 검수 미실시, URL·포맷 기술 확인만 완료."
busan-F-00177,제주복국,https://www.visitbusan.net/uploadImgs/files/cntnts/20240418144007166_ttiel,200,image/jpeg,111254,1200,545,valid,not_inspected,use_candidate,"HTTP 200 + JPEG 확인 + 111254B + 1200×545px. 시각 검수 미실시, URL·포맷 기술 확인만 완료."
busan-F-00178,1966정원 천성항점,https://www.visitbusan.net/uploadImgs/files/cntnts/20230601155348503_ttiel,200,image/jpeg,81366,1200,544,valid,not_inspected,use_candidate,"HTTP 200 + JPEG 확인 + 81366B + 1200×544px. 시각 검수 미실시, URL·포맷 기술 확인만 완료."
busan-F-00179,용호동할매팥빙수단팥죽 본점,https://www.visitbusan.net/uploadImgs/files/cntnts/20230601183719085_ttiel,200,image/jpeg,62253,1200,545,valid,not_inspected,use_candidate,"HTTP 200 + JPEG 확인 + 62253B + 1200×545px. 시각 검수 미실시, URL·포맷 기술 확인만 완료."
busan-F-00180,올드머그,https://www.visitbusan.net/uploadImgs/files/cntnts/20240419175034497_ttiel,200,image/jpeg,79344,1200,545,valid,not_inspected,use_candidate,"HTTP 200 + JPEG 확인 + 79344B + 1200×545px. 시각 검수 미실시, URL·포맷 기술 확인만 완료."
busan-F-00181,아데초이,https://www.visitbusan.net/uploadImgs/files/cntnts/20230601205022576_ttiel,200,image/jpeg,98541,1200,545,valid,not_inspected,use_candidate,"HTTP 200 + JPEG 확인 + 98541B + 1200×545px. 시각 검수 미실시, URL·포맷 기술 확인만 완료."
busan-F-00182,빌라빌레쿨라,https://www.visitbusan.net/uploadImgs/files/cntnts/20230601205653276_ttiel,200,image/jpeg,75856,1200,545,valid,not_inspected,use_candidate,"HTTP 200 + JPEG 확인 + 75856B + 1200×545px. 시각 검수 미실시, URL·포맷 기술 확인만 완료."
busan-F-00183,브리타니,https://www.visitbusan.net/uploadImgs/files/cntnts/20230601210303799_ttiel,200,image/jpeg,56387,1200,544,valid,not_inspected,use_candidate,"HTTP 200 + JPEG 확인 + 56387B + 1200×544px. 시각 검수 미실시, URL·포맷 기술 확인만 완료."
busan-F-00184,브레이크인커피,https://www.visitbusan.net/uploadImgs/files/cntnts/20230601210950063_ttiel,200,image/jpeg,85201,1200,544,valid,not_inspected,use_candidate,"HTTP 200 + JPEG 확인 + 85201B + 1200×544px. 시각 검수 미실시, URL·포맷 기술 확인만 완료."
busan-F-00185,bread365,https://www.visitbusan.net/uploadImgs/files/cntnts/20230601211556571_ttiel,200,image/jpeg,76031,1200,545,valid,not_inspected,use_candidate,"HTTP 200 + JPEG 확인 + 76031B + 1200×545px. 시각 검수 미실시, URL·포맷 기술 확인만 완료."
busan-F-00186,보리종파티세리 본점,https://www.visitbusan.net/uploadImgs/files/cntnts/20230601212247424_ttiel,200,image/jpeg,113014,1200,545,valid,not_inspected,use_candidate,"HTTP 200 + JPEG 확인 + 113014B + 1200×545px. 시각 검수 미실시, URL·포맷 기술 확인만 완료."
busan-F-00187,바우노바,https://www.visitbusan.net/uploadImgs/files/cntnts/20240419095023870_ttiel,200,image/jpeg,55039,1200,545,valid,not_inspected,use_candidate,"HTTP 200 + JPEG 확인 + 55039B + 1200×545px. 시각 검수 미실시, URL·포맷 기술 확인만 완료."
busan-F-00188,부산대 포맨티코 본점,https://www.visitbusan.net/uploadImgs/files/cntnts/20240416103220485_ttiel,200,image/jpeg,158686,1200,544,valid,not_inspected,use_candidate,"HTTP 200 + JPEG 확인 + 158686B + 1200×544px. 시각 검수 미실시, URL·포맷 기술 확인만 완료."
busan-F-00189,명란브랜드연구소,https://www.visitbusan.net/uploadImgs/files/cntnts/20230602135143501_ttiel,200,image/jpeg,39665,1200,545,valid,not_inspected,use_candidate,"HTTP 200 + JPEG 확인 + 39665B + 1200×545px. 시각 검수 미실시, URL·포맷 기술 확인만 완료."
busan-F-00190,육화목,https://www.visitbusan.net/uploadImgs/files/cntnts/20230602135638172_ttiel,200,image/jpeg,131329,1200,545,valid,not_inspected,use_candidate,"HTTP 200 + JPEG 확인 + 131329B + 1200×545px. 시각 검수 미실시, URL·포맷 기술 확인만 완료."
busan-F-00191,어밤부,https://www.visitbusan.net/uploadImgs/files/cntnts/20240419173453394_ttiel,200,image/jpeg,86164,1200,545,valid,not_inspected,use_candidate,"HTTP 200 + JPEG 확인 + 86164B + 1200×545px. 시각 검수 미실시, URL·포맷 기술 확인만 완료."
busan-F-00192,우토피아,https://www.visitbusan.net/uploadImgs/files/cntnts/20240418125531238_ttiel,200,image/jpeg,98864,1200,545,valid,not_inspected,use_candidate,"HTTP 200 + JPEG 확인 + 98864B + 1200×545px. 시각 검수 미실시, URL·포맷 기술 확인만 완료."
busan-F-00193,우봉,https://www.visitbusan.net/uploadImgs/files/cntnts/20230602141753998_ttiel,200,image/jpeg,105990,1200,545,valid,not_inspected,use_candidate,"HTTP 200 + JPEG 확인 + 105990B + 1200×545px. 시각 검수 미실시, URL·포맷 기술 확인만 완료."
busan-F-00194,굿모닝홍콩,https://www.visitbusan.net/uploadImgs/files/cntnts/20230602142611057_ttiel,200,image/jpeg,42222,1200,544,valid,not_inspected,use_candidate,"HTTP 200 + JPEG 확인 + 42222B + 1200×544px. 시각 검수 미실시, URL·포맷 기술 확인만 완료."
busan-F-00195,버거인뉴욕,https://www.visitbusan.net/uploadImgs/files/cntnts/20240419153525824_ttiel,200,image/jpeg,85516,1200,545,valid,not_inspected,use_candidate,"HTTP 200 + JPEG 확인 + 85516B + 1200×545px. 시각 검수 미실시, URL·포맷 기술 확인만 완료."
busan-F-00196,반핀 서면전포점,https://www.visitbusan.net/uploadImgs/files/cntnts/20230602143250533_ttiel,200,image/jpeg,72575,1200,544,valid,not_inspected,use_candidate,"HTTP 200 + JPEG 확인 + 72575B + 1200×544px. 시각 검수 미실시, URL·포맷 기술 확인만 완료."
busan-F-00197,복성반점,https://www.visitbusan.net/uploadImgs/files/cntnts/20240417164934040_ttiel,200,image/jpeg,88725,1200,545,valid,not_inspected,use_candidate,"HTTP 200 + JPEG 확인 + 88725B + 1200×545px. 시각 검수 미실시, URL·포맷 기술 확인만 완료."
busan-F-00198,쉐프리,https://www.visitbusan.net/uploadImgs/files/cntnts/20250530161709953_ttiel,200,image/jpeg,64545,1200,544,valid,not_inspected,use_candidate,"HTTP 200 + JPEG 확인 + 64545B + 1200×544px. 시각 검수 미실시, URL·포맷 기술 확인만 완료."
busan-F-00199,부우사안,https://www.visitbusan.net/uploadImgs/files/cntnts/20230602145152107_ttiel,200,image/jpeg,93192,1200,544,valid,not_inspected,use_candidate,"HTTP 200 + JPEG 확인 + 93192B + 1200×544px. 시각 검수 미실시, URL·포맷 기술 확인만 완료."
busan-F-00200,스톤스트리트,https://www.visitbusan.net/uploadImgs/files/cntnts/20230602145719327_ttiel,200,image/jpeg,79912,1200,544,valid,not_inspected,use_candidate,"HTTP 200 + JPEG 확인 + 79912B + 1200×544px. 시각 검수 미실시, URL·포맷 기술 확인만 완료."
busan-F-00201,산동완탕교자관,https://www.visitbusan.net/uploadImgs/files/cntnts/20230602145733245_ttiel,200,image/jpeg,50909,1200,544,valid,not_inspected,use_candidate,"HTTP 200 + JPEG 확인 + 50909B + 1200×544px. 시각 검수 미실시, URL·포맷 기술 확인만 완료."
busan-F-00202,삼형제오리 부산1호점,https://www.visitbusan.net/uploadImgs/files/cntnts/20230602150346849_ttiel,200,image/jpeg,77138,1200,544,valid,not_inspected,use_candidate,"HTTP 200 + JPEG 확인 + 77138B + 1200×544px. 시각 검수 미실시, URL·포맷 기술 확인만 완료."
busan-F-00203,동광동 석기시대 본점,https://www.visitbusan.net/uploadImgs/files/cntnts/20240419105032027_ttiel,200,image/jpeg,80114,1200,545,valid,not_inspected,use_candidate,"HTTP 200 + JPEG 확인 + 80114B + 1200×545px. 시각 검수 미실시, URL·포맷 기술 확인만 완료."
busan-F-00204,음주양식당 오스테리아 어부,https://www.visitbusan.net/uploadImgs/files/cntnts/20231109183734515_ttiel,200,image/jpeg,131180,1200,545,valid,not_inspected,use_candidate,"HTTP 200 + JPEG 확인 + 131180B + 1200×545px. 시각 검수 미실시, URL·포맷 기술 확인만 완료."
busan-F-00205,칸웨이,https://www.visitbusan.net/uploadImgs/files/cntnts/20230602153447605_ttiel,200,image/jpeg,60504,1200,544,valid,not_inspected,use_candidate,"HTTP 200 + JPEG 확인 + 60504B + 1200×544px. 시각 검수 미실시, URL·포맷 기술 확인만 완료."
busan-F-00206,고옥,https://www.visitbusan.net/uploadImgs/files/cntnts/20240418094044725_ttiel,200,image/jpeg,79732,1200,545,valid,not_inspected,use_candidate,"HTTP 200 + JPEG 확인 + 79732B + 1200×545px. 시각 검수 미실시, URL·포맷 기술 확인만 완료."
busan-F-00207,글라스앤보틀,https://www.visitbusan.net/uploadImgs/files/cntnts/20230602175414282_ttiel,200,image/jpeg,43634,1200,544,valid,not_inspected,use_candidate,"HTTP 200 + JPEG 확인 + 43634B + 1200×544px. 시각 검수 미실시, URL·포맷 기술 확인만 완료."
busan-F-00208,앙탄,https://www.visitbusan.net/uploadImgs/files/cntnts/20230603140846612_ttiel,200,image/jpeg,106214,1200,545,valid,not_inspected,use_candidate,"HTTP 200 + JPEG 확인 + 106214B + 1200×545px. 시각 검수 미실시, URL·포맷 기술 확인만 완료."
busan-F-00209,교토돈부리 본점,https://www.visitbusan.net/uploadImgs/files/cntnts/20230605092808009_ttiel,200,image/jpeg,91406,1200,544,valid,not_inspected,use_candidate,"HTTP 200 + JPEG 확인 + 91406B + 1200×544px. 시각 검수 미실시, URL·포맷 기술 확인만 완료."
busan-F-00210,나가하마만게츠,https://www.visitbusan.net/uploadImgs/files/cntnts/20240419133053912_ttiel,200,image/jpeg,132641,1200,545,valid,not_inspected,use_candidate,"HTTP 200 + JPEG 확인 + 132641B + 1200×545px. 시각 검수 미실시, URL·포맷 기술 확인만 완료."
busan-F-00211,노는바다,https://www.visitbusan.net/uploadImgs/files/cntnts/20230605094032446_ttiel,200,image/jpeg,143272,1200,544,valid,not_inspected,use_candidate,"HTTP 200 + JPEG 확인 + 143272B + 1200×544px. 시각 검수 미실시, URL·포맷 기술 확인만 완료."
busan-F-00212,동경밥상,https://www.visitbusan.net/uploadImgs/files/cntnts/20230605094602155_ttiel,200,image/jpeg,96914,1200,545,valid,not_inspected,use_candidate,"HTTP 200 + JPEG 확인 + 96914B + 1200×545px. 시각 검수 미실시, URL·포맷 기술 확인만 완료."
busan-F-00213,슌,https://www.visitbusan.net/uploadImgs/files/cntnts/20230605100447110_ttiel,200,image/jpeg,62253,1200,544,valid,not_inspected,use_candidate,"HTTP 200 + JPEG 확인 + 62253B + 1200×544px. 시각 검수 미실시, URL·포맷 기술 확인만 완료."
busan-F-00214,스시미르네 본점,https://www.visitbusan.net/uploadImgs/files/cntnts/20240419170216133_ttiel,200,image/jpeg,96788,1200,545,valid,not_inspected,use_candidate,"HTTP 200 + JPEG 확인 + 96788B + 1200×545px. 시각 검수 미실시, URL·포맷 기술 확인만 완료."
busan-F-00215,스시심 타카이,https://www.visitbusan.net/uploadImgs/files/cntnts/20230605101855650_ttiel,200,image/jpeg,48050,1200,544,valid,not_inspected,use_candidate,"HTTP 200 + JPEG 확인 + 48050B + 1200×544px. 시각 검수 미실시, URL·포맷 기술 확인만 완료."
busan-F-00216,야스마루 쇼쿠도,https://www.visitbusan.net/uploadImgs/files/cntnts/20240417143025804_ttiel,200,image/jpeg,71846,1200,545,valid,not_inspected,use_candidate,"HTTP 200 + JPEG 확인 + 71846B + 1200×545px. 시각 검수 미실시, URL·포맷 기술 확인만 완료."
busan-F-00217,중앙모밀,https://www.visitbusan.net/uploadImgs/files/cntnts/20240419113634712_ttiel,200,image/jpeg,107724,1200,545,valid,not_inspected,use_candidate,"HTTP 200 + JPEG 확인 + 107724B + 1200×545px. 시각 검수 미실시, URL·포맷 기술 확인만 완료."
busan-F-00218,킹콩스시,https://www.visitbusan.net/uploadImgs/files/cntnts/20230605105014796_ttiel,200,image/jpeg,72442,1200,545,valid,not_inspected,use_candidate,"HTTP 200 + JPEG 확인 + 72442B + 1200×545px. 시각 검수 미실시, URL·포맷 기술 확인만 완료."
busan-F-00219,타이가 텐푸라,https://www.visitbusan.net/uploadImgs/files/cntnts/20230605114432846_ttiel,200,image/jpeg,91973,1200,545,valid,not_inspected,use_candidate,"HTTP 200 + JPEG 확인 + 91973B + 1200×545px. 시각 검수 미실시, URL·포맷 기술 확인만 완료."
busan-F-00220,톤쇼우 부산대점,https://www.visitbusan.net/uploadImgs/files/cntnts/20240416105423031_ttiel,200,image/jpeg,43860,1200,545,valid,not_inspected,use_candidate,"HTTP 200 + JPEG 확인 + 43860B + 1200×545px. 시각 검수 미실시, URL·포맷 기술 확인만 완료."
busan-F-00221,삼성밀면,https://www.visitbusan.net/uploadImgs/files/cntnts/20240417141426032_ttiel,200,image/jpeg,94923,1200,545,valid,not_inspected,use_candidate,"HTTP 200 + JPEG 확인 + 94923B + 1200×545px. 시각 검수 미실시, URL·포맷 기술 확인만 완료."
busan-F-00222,부산약콩밀면 이기대본점,https://www.visitbusan.net/uploadImgs/files/cntnts/20230605160757154_ttiel,200,image/jpeg,41694,1200,544,valid,not_inspected,use_candidate,"HTTP 200 + JPEG 확인 + 41694B + 1200×544px. 시각 검수 미실시, URL·포맷 기술 확인만 완료."
busan-F-00223,면채움,https://www.visitbusan.net/uploadImgs/files/cntnts/20230605162454973_ttiel,200,image/jpeg,65027,1200,544,valid,not_inspected,use_candidate,"HTTP 200 + JPEG 확인 + 65027B + 1200×544px. 시각 검수 미실시, URL·포맷 기술 확인만 완료."
busan-F-00224,대연밀면,https://www.visitbusan.net/uploadImgs/files/cntnts/20230605163059829_ttiel,200,image/jpeg,52940,1200,544,valid,not_inspected,use_candidate,"HTTP 200 + JPEG 확인 + 52940B + 1200×544px. 시각 검수 미실시, URL·포맷 기술 확인만 완료."
busan-F-00225,합천국밥집,https://www.visitbusan.net/uploadImgs/files/cntnts/20230605171506269_ttiel,200,image/jpeg,77556,1200,544,valid,not_inspected,use_candidate,"HTTP 200 + JPEG 확인 + 77556B + 1200×544px. 시각 검수 미실시, URL·포맷 기술 확인만 완료."
busan-F-00226,정짓간 돼지국밥 & 막국수,https://www.visitbusan.net/uploadImgs/files/cntnts/20240417171440711_ttiel,200,image/jpeg,142729,1200,545,valid,not_inspected,use_candidate,"HTTP 200 + JPEG 확인 + 142729B + 1200×545px. 시각 검수 미실시, URL·포맷 기술 확인만 완료."
busan-F-00227,우리돼지국밥,https://www.visitbusan.net/uploadImgs/files/cntnts/20230605175347129_ttiel,200,image/jpeg,65916,1200,544,valid,not_inspected,use_candidate,"HTTP 200 + JPEG 확인 + 65916B + 1200×544px. 시각 검수 미실시, URL·포맷 기술 확인만 완료."
busan-F-00228,수복돼지국밥,https://www.visitbusan.net/uploadImgs/files/cntnts/20230607101844356_ttiel,200,image/jpeg,68729,1200,544,valid,not_inspected,use_candidate,"HTTP 200 + JPEG 확인 + 68729B + 1200×544px. 시각 검수 미실시, URL·포맷 기술 확인만 완료."
busan-F-00229,부광돼지국밥전문점,https://www.visitbusan.net/uploadImgs/files/cntnts/20240419095508857_ttiel,200,image/jpeg,82657,1200,545,valid,not_inspected,use_candidate,"HTTP 200 + JPEG 확인 + 82657B + 1200×545px. 시각 검수 미실시, URL·포맷 기술 확인만 완료."
busan-F-00230,행복을 짓는 수향촌밥상,https://www.visitbusan.net/uploadImgs/files/cntnts/20230607104813073_ttiel,200,image/jpeg,65406,1200,545,valid,not_inspected,use_candidate,"HTTP 200 + JPEG 확인 + 65406B + 1200×545px. 시각 검수 미실시, URL·포맷 기술 확인만 완료."
busan-F-00231,해물왕창칼국수,https://www.visitbusan.net/uploadImgs/files/cntnts/20240417163101609_ttiel,200,image/jpeg,104101,1200,545,valid,not_inspected,use_candidate,"HTTP 200 + JPEG 확인 + 104101B + 1200×545px. 시각 검수 미실시, URL·포맷 기술 확인만 완료."
busan-F-00232,할매재첩국부산본점,https://www.visitbusan.net/uploadImgs/files/cntnts/20240418131536518_ttiel,200,image/jpeg,106123,1200,545,valid,not_inspected,use_candidate,"HTTP 200 + JPEG 확인 + 106123B + 1200×545px. 시각 검수 미실시, URL·포맷 기술 확인만 완료."
busan-F-00233,동래할매파전,https://www.visitbusan.net/uploadImgs/files/cntnts/20240417095049087_ttiel,200,image/jpeg,145265,1200,545,valid,not_inspected,use_candidate,"HTTP 200 + JPEG 확인 + 145265B + 1200×545px. 시각 검수 미실시, URL·포맷 기술 확인만 완료."
busan-F-00234,박해윤통영해물밥상,https://www.visitbusan.net/uploadImgs/files/cntnts/20230607115106313_ttiel,200,image/jpeg,108902,1200,544,valid,not_inspected,use_candidate,"HTTP 200 + JPEG 확인 + 108902B + 1200×544px. 시각 검수 미실시, URL·포맷 기술 확인만 완료."
busan-F-00235,원조꼬리곰집,https://www.visitbusan.net/uploadImgs/files/cntnts/20240417104737417_ttiel,200,image/jpeg,70163,1200,545,valid,not_inspected,use_candidate,"HTTP 200 + JPEG 확인 + 70163B + 1200×545px. 시각 검수 미실시, URL·포맷 기술 확인만 완료."
busan-F-00236,하동재첩국,https://www.visitbusan.net/uploadImgs/files/cntnts/20240417160652816_ttiel,200,image/jpeg,59080,1200,545,valid,not_inspected,use_candidate,"HTTP 200 + JPEG 확인 + 59080B + 1200×545px. 시각 검수 미실시, URL·포맷 기술 확인만 완료."
busan-F-00237,하기연진주냉면,https://www.visitbusan.net/uploadImgs/files/cntnts/20240417172509146_ttiel,200,image/jpeg,117383,1200,545,valid,not_inspected,use_candidate,"HTTP 200 + JPEG 확인 + 117383B + 1200×545px. 시각 검수 미실시, URL·포맷 기술 확인만 완료."
busan-F-00238,장안집,https://www.visitbusan.net/uploadImgs/files/cntnts/20230607150107037_ttiel,200,image/jpeg,126298,1200,544,valid,not_inspected,use_candidate,"HTTP 200 + JPEG 확인 + 126298B + 1200×544px. 시각 검수 미실시, URL·포맷 기술 확인만 완료."
busan-F-00239,이가네칼국수,https://www.visitbusan.net/uploadImgs/files/cntnts/20230607152613580_ttiel,200,image/jpeg,75333,1200,544,valid,not_inspected,use_candidate,"HTTP 200 + JPEG 확인 + 75333B + 1200×544px. 시각 검수 미실시, URL·포맷 기술 확인만 완료."
busan-F-00240,이가네떡볶이,https://www.visitbusan.net/uploadImgs/files/cntnts/20230607153356051_ttiel,200,image/jpeg,127043,1200,544,valid,not_inspected,use_candidate,"HTTP 200 + JPEG 확인 + 127043B + 1200×544px. 시각 검수 미실시, URL·포맷 기술 확인만 완료."
busan-F-00241,우성삼계탕,https://www.visitbusan.net/uploadImgs/files/cntnts/20230607154228087_ttiel,200,image/jpeg,62358,1200,545,valid,not_inspected,use_candidate,"HTTP 200 + JPEG 확인 + 62358B + 1200×545px. 시각 검수 미실시, URL·포맷 기술 확인만 완료."
busan-F-00242,몽뜰,https://www.visitbusan.net/uploadImgs/files/cntnts/20230607170054185_ttiel,200,image/jpeg,65442,1200,544,valid,not_inspected,use_candidate,"HTTP 200 + JPEG 확인 + 65442B + 1200×544px. 시각 검수 미실시, URL·포맷 기술 확인만 완료."
busan-F-00243,조광심민속왕순대,https://www.visitbusan.net/uploadImgs/files/cntnts/20240417105843962_ttiel,200,image/jpeg,153582,1200,545,valid,not_inspected,use_candidate,"HTTP 200 + JPEG 확인 + 153582B + 1200×545px. 시각 검수 미실시, URL·포맷 기술 확인만 완료."
busan-F-00244,할매집회국수,https://www.visitbusan.net/uploadImgs/files/cntnts/20240419113933249_ttiel,200,image/jpeg,60995,1200,545,valid,not_inspected,use_candidate,"HTTP 200 + JPEG 확인 + 60995B + 1200×545px. 시각 검수 미실시, URL·포맷 기술 확인만 완료."
busan-F-00245,나탄약선요리,https://www.visitbusan.net/uploadImgs/files/cntnts/20240417133833912_ttiel,200,image/jpeg,68302,1200,545,valid,not_inspected,use_candidate,"HTTP 200 + JPEG 확인 + 68302B + 1200×545px. 시각 검수 미실시, URL·포맷 기술 확인만 완료."
busan-F-00246,부다면옥,https://www.visitbusan.net/uploadImgs/files/cntnts/20240419153703944_ttiel,200,image/jpeg,135288,1200,545,valid,not_inspected,use_candidate,"HTTP 200 + JPEG 확인 + 135288B + 1200×545px. 시각 검수 미실시, URL·포맷 기술 확인만 완료."
busan-F-00247,본 고갈비,https://www.visitbusan.net/uploadImgs/files/cntnts/20230608140120811_ttiel,200,image/jpeg,93666,1200,544,valid,not_inspected,use_candidate,"HTTP 200 + JPEG 확인 + 93666B + 1200×544px. 시각 검수 미실시, URL·포맷 기술 확인만 완료."
busan-F-00248,88돼지갈비,https://www.visitbusan.net/uploadImgs/files/cntnts/20240416171818172_ttiel,200,image/jpeg,70116,1200,545,valid,not_inspected,use_candidate,"HTTP 200 + JPEG 확인 + 70116B + 1200×545px. 시각 검수 미실시, URL·포맷 기술 확인만 완료."
busan-F-00249,돌솥밥집,https://www.visitbusan.net/uploadImgs/files/cntnts/20230608144815779_ttiel,200,image/jpeg,77479,1200,544,valid,not_inspected,use_candidate,"HTTP 200 + JPEG 확인 + 77479B + 1200×544px. 시각 검수 미실시, URL·포맷 기술 확인만 완료."
busan-F-00250,맹여사육전육회,https://www.visitbusan.net/uploadImgs/files/cntnts/20230608150916484_ttiel,200,image/jpeg,86052,1200,545,valid,not_inspected,use_candidate,"HTTP 200 + JPEG 확인 + 86052B + 1200×545px. 시각 검수 미실시, URL·포맷 기술 확인만 완료."
busan-F-00252,합천국밥집,https://www.visitbusan.net/uploadImgs/files/cntnts/20230612125944822_ttiel,200,image/png,1673549,1200,545,valid,not_inspected,use_candidate,"HTTP 200 + PNG 확인 + 1673549B + 1200×545px. 시각 검수 미실시, URL·포맷 기술 확인만 완료."
busan-F-00254,쌍둥이돼지국밥,https://www.visitbusan.net/uploadImgs/files/cntnts/20230612130601401_ttiel,200,image/jpeg,45598,1200,545,valid,not_inspected,use_candidate,"HTTP 200 + JPEG 확인 + 45598B + 1200×545px. 시각 검수 미실시, URL·포맷 기술 확인만 완료."
busan-F-00257,은해갈치,https://www.visitbusan.net/uploadImgs/files/cntnts/20230612131518983_ttiel,200,image/png,1828671,1200,544,valid,not_inspected,use_candidate,"HTTP 200 + PNG 확인 + 1828671B + 1200×544px. 시각 검수 미실시, URL·포맷 기술 확인만 완료."
busan-F-00258,동백섬횟집,https://www.visitbusan.net/uploadImgs/files/cntnts/20230612133402186_ttiel,200,image/jpeg,123207,1200,545,valid,not_inspected,use_candidate,"HTTP 200 + JPEG 확인 + 123207B + 1200×545px. 시각 검수 미실시, URL·포맷 기술 확인만 완료."
busan-F-00261,거대숯불구이,https://www.visitbusan.net/uploadImgs/files/cntnts/20230612134343289_ttiel,200,image/png,1866685,1200,545,valid,not_inspected,use_candidate,"HTTP 200 + PNG 확인 + 1866685B + 1200×545px. 시각 검수 미실시, URL·포맷 기술 확인만 완료."
busan-F-00263,아저씨대구탕,https://www.visitbusan.net/uploadImgs/files/cntnts/20230612135343874_ttiel,200,image/jpeg,56698,1200,545,valid,not_inspected,use_candidate,"HTTP 200 + JPEG 확인 + 56698B + 1200×545px. 시각 검수 미실시, URL·포맷 기술 확인만 완료."
busan-F-00265,무진장횟집,https://www.visitbusan.net/uploadImgs/files/cntnts/20230612140201584_ttiel,200,image/png,1514093,1200,544,valid,not_inspected,use_candidate,"HTTP 200 + PNG 확인 + 1514093B + 1200×544px. 시각 검수 미실시, URL·포맷 기술 확인만 완료."
busan-F-00267,미미루,https://www.visitbusan.net/uploadImgs/files/cntnts/20230612142200836_ttiel,200,image/png,1733698,1200,544,valid,not_inspected,use_candidate,"HTTP 200 + PNG 확인 + 1733698B + 1200×544px. 시각 검수 미실시, URL·포맷 기술 확인만 완료."
busan-F-00268,부우사안,https://www.visitbusan.net/uploadImgs/files/cntnts/20230612142741318_ttiel,200,image/png,1849327,1200,545,valid,not_inspected,use_candidate,"HTTP 200 + PNG 확인 + 1849327B + 1200×545px. 시각 검수 미실시, URL·포맷 기술 확인만 완료."
busan-F-00270,동경밥상,https://www.visitbusan.net/uploadImgs/files/cntnts/20230612143356750_ttiel,200,image/jpeg,144377,1200,545,valid,not_inspected,use_candidate,"HTTP 200 + JPEG 확인 + 144377B + 1200×545px. 시각 검수 미실시, URL·포맷 기술 확인만 완료."
busan-F-00271,모즈,https://www.visitbusan.net/uploadImgs/files/cntnts/20230612143942704_ttiel,200,image/jpeg,62521,1200,545,valid,not_inspected,use_candidate,"HTTP 200 + JPEG 확인 + 62521B + 1200×545px. 시각 검수 미실시, URL·포맷 기술 확인만 완료."
busan-F-00272,쇼진,https://www.visitbusan.net/uploadImgs/files/cntnts/20240419165347836,200,image/jpeg,1640593,1200,1800,valid,not_inspected,use_candidate,"HTTP 200 + JPEG 확인 + 1640593B + 1200×1800px. 시각 검수 미실시, URL·포맷 기술 확인만 완료."
busan-F-00274,스시이루카,https://www.visitbusan.net/uploadImgs/files/cntnts/20230612145045002_ttiel,200,image/jpeg,61243,1200,545,valid,not_inspected,use_candidate,"HTTP 200 + JPEG 확인 + 61243B + 1200×545px. 시각 검수 미실시, URL·포맷 기술 확인만 완료."
busan-F-00276,제로베이스,https://www.visitbusan.net/uploadImgs/files/cntnts/20240418130407601,200,image/jpeg,913716,1200,1800,valid,not_inspected,use_candidate,"HTTP 200 + JPEG 확인 + 913716B + 1200×1800px. 시각 검수 미실시, URL·포맷 기술 확인만 완료."
busan-F-00277,떼떼오네,https://www.visitbusan.net/uploadImgs/files/cntnts/20230612150436417_ttiel,200,image/jpeg,112608,1200,545,valid,not_inspected,use_candidate,"HTTP 200 + JPEG 확인 + 112608B + 1200×545px. 시각 검수 미실시, URL·포맷 기술 확인만 완료."
busan-F-00280,쉐프리,https://www.visitbusan.net/uploadImgs/files/cntnts/20230612151651185_ttiel,200,image/jpeg,93477,1200,545,valid,not_inspected,use_candidate,"HTTP 200 + JPEG 확인 + 93477B + 1200×545px. 시각 검수 미실시, URL·포맷 기술 확인만 완료."
busan-F-00283,레땅,https://www.visitbusan.net/uploadImgs/files/cntnts/20230612152628930_ttiel,200,image/jpeg,50485,1200,545,valid,not_inspected,use_candidate,"HTTP 200 + JPEG 확인 + 50485B + 1200×545px. 시각 검수 미실시, URL·포맷 기술 확인만 완료."
busan-F-00284,라이옥,https://www.visitbusan.net/uploadImgs/files/cntnts/20230612153328501_ttiel,200,image/jpeg,64931,1200,545,valid,not_inspected,use_candidate,"HTTP 200 + JPEG 확인 + 64931B + 1200×545px. 시각 검수 미실시, URL·포맷 기술 확인만 완료."
busan-F-00286,알로이타이레스토랑,https://www.visitbusan.net/uploadImgs/files/cntnts/20230612153921763_ttiel,200,image/jpeg,79835,1200,545,valid,not_inspected,use_candidate,"HTTP 200 + JPEG 확인 + 79835B + 1200×545px. 시각 검수 미실시, URL·포맷 기술 확인만 완료."
busan-F-00287,카파도키아,https://www.visitbusan.net/uploadImgs/files/cntnts/20230612154508334_ttiel,200,image/jpeg,108450,1200,545,valid,not_inspected,use_candidate,"HTTP 200 + JPEG 확인 + 108450B + 1200×545px. 시각 검수 미실시, URL·포맷 기술 확인만 완료."
busan-F-00291,금랑횟집,https://www.visitbusan.net/uploadImgs/files/cntnts/20230612155844697_ttiel,200,image/jpeg,64650,1200,545,valid,not_inspected,use_candidate,"HTTP 200 + JPEG 확인 + 64650B + 1200×545px. 시각 검수 미실시, URL·포맷 기술 확인만 완료."
busan-F-00293,맥퀸즈라운지,https://www.visitbusan.net/uploadImgs/files/cntnts/20230612160716657_ttiel,200,image/jpeg,117226,1200,545,valid,not_inspected,use_candidate,"HTTP 200 + JPEG 확인 + 117226B + 1200×545px. 시각 검수 미실시, URL·포맷 기술 확인만 완료."
busan-F-00294,목장원,https://www.visitbusan.net/uploadImgs/files/cntnts/20230612161146972_ttiel,200,image/jpeg,96683,1200,545,valid,not_inspected,use_candidate,"HTTP 200 + JPEG 확인 + 96683B + 1200×545px. 시각 검수 미실시, URL·포맷 기술 확인만 완료."
busan-F-00295,오륙도가원,https://www.visitbusan.net/uploadImgs/files/cntnts/20230612161538543_ttiel,200,image/jpeg,101749,1200,544,valid,not_inspected,use_candidate,"HTTP 200 + JPEG 확인 + 101749B + 1200×544px. 시각 검수 미실시, URL·포맷 기술 확인만 완료."
busan-F-00296,이레옥,https://www.visitbusan.net/uploadImgs/files/cntnts/20230612162233926_ttiel,200,image/jpeg,50996,1200,545,valid,not_inspected,use_candidate,"HTTP 200 + JPEG 확인 + 50996B + 1200×545px. 시각 검수 미실시, URL·포맷 기술 확인만 완료."
busan-F-00298,남풍,https://www.visitbusan.net/uploadImgs/files/cntnts/20230612163040120_ttiel,200,image/jpeg,179884,1200,545,valid,not_inspected,use_candidate,"HTTP 200 + JPEG 확인 + 179884B + 1200×545px. 시각 검수 미실시, URL·포맷 기술 확인만 완료."
busan-F-00299,랩24바이쿠무다,https://www.visitbusan.net/uploadImgs/files/cntnts/20230612163348599_ttiel,200,image/jpeg,50469,1200,544,valid,not_inspected,use_candidate,"HTTP 200 + JPEG 확인 + 50469B + 1200×544px. 시각 검수 미실시, URL·포맷 기술 확인만 완료."
busan-F-00300,르도헤,https://www.visitbusan.net/uploadImgs/files/cntnts/20240419135826203,200,image/jpeg,1959341,1200,1800,valid,not_inspected,use_candidate,"HTTP 200 + JPEG 확인 + 1959341B + 1200×1800px. 시각 검수 미실시, URL·포맷 기술 확인만 완료."
busan-F-00301,마이클어반팜테이블,https://www.visitbusan.net/uploadImgs/files/cntnts/20230612165530398_ttiel,200,image/jpeg,84442,1200,545,valid,not_inspected,use_candidate,"HTTP 200 + JPEG 확인 + 84442B + 1200×545px. 시각 검수 미실시, URL·포맷 기술 확인만 완료."
busan-F-00302,모리,https://www.visitbusan.net/uploadImgs/files/cntnts/20240419140242960,200,image/jpeg,1562102,1200,1800,valid,not_inspected,use_candidate,"HTTP 200 + JPEG 확인 + 1562102B + 1200×1800px. 시각 검수 미실시, URL·포맷 기술 확인만 완료."
busan-F-00304,사까에,https://www.visitbusan.net/uploadImgs/files/cntnts/20230612170609406_ttiel,200,image/jpeg,110385,1200,545,valid,not_inspected,use_candidate,"HTTP 200 + JPEG 확인 + 110385B + 1200×545px. 시각 검수 미실시, URL·포맷 기술 확인만 완료."
busan-F-00306,아쁘앙,https://www.visitbusan.net/uploadImgs/files/cntnts/20230612171254815_ttiel,200,image/jpeg,130018,1200,544,valid,not_inspected,use_candidate,"HTTP 200 + JPEG 확인 + 130018B + 1200×544px. 시각 검수 미실시, URL·포맷 기술 확인만 완료."
busan-F-00308,율링,https://www.visitbusan.net/uploadImgs/files/cntnts/20230612175041562_ttiel,200,image/png,1424056,1200,545,valid,not_inspected,use_candidate,"HTTP 200 + PNG 확인 + 1424056B + 1200×545px. 시각 검수 미실시, URL·포맷 기술 확인만 완료."
busan-F-00311,팔레트,https://www.visitbusan.net/uploadImgs/files/cntnts/20240416154834100,200,image/jpeg,946926,1200,1800,valid,not_inspected,use_candidate,"HTTP 200 + JPEG 확인 + 946926B + 1200×1800px. 시각 검수 미실시, URL·포맷 기술 확인만 완료."
busan-F-00312,하레마,https://www.visitbusan.net/uploadImgs/files/cntnts/20230613092152629_ttiel,200,image/jpeg,46598,1200,545,valid,not_inspected,use_candidate,"HTTP 200 + JPEG 확인 + 46598B + 1200×545px. 시각 검수 미실시, URL·포맷 기술 확인만 완료."
busan-F-00313,60년전통할매국밥,https://www.visitbusan.net/uploadImgs/files/cntnts/20230613093228255_ttiel,200,image/png,1306626,1200,545,valid,not_inspected,use_candidate,"HTTP 200 + PNG 확인 + 1306626B + 1200×545px. 시각 검수 미실시, URL·포맷 기술 확인만 완료."
busan-F-00314,개금밀면,https://www.visitbusan.net/uploadImgs/files/cntnts/20230613095016120_ttiel,200,image/jpeg,73793,1200,545,valid,not_inspected,use_candidate,"HTTP 200 + JPEG 확인 + 73793B + 1200×545px. 시각 검수 미실시, URL·포맷 기술 확인만 완료."
busan-F-00316,금수복국,https://www.visitbusan.net/uploadImgs/files/cntnts/20230613095933451_ttiel,200,image/png,1424023,1200,544,valid,not_inspected,use_candidate,"HTTP 200 + PNG 확인 + 1424023B + 1200×544px. 시각 검수 미실시, URL·포맷 기술 확인만 완료."
busan-F-00319,동래할매파전,https://www.visitbusan.net/uploadImgs/files/cntnts/20230613102734246_ttiel,200,image/jpeg,114237,1200,545,valid,not_inspected,use_candidate,"HTTP 200 + JPEG 확인 + 114237B + 1200×545px. 시각 검수 미실시, URL·포맷 기술 확인만 완료."
busan-F-00320,물꽁식당,https://www.visitbusan.net/uploadImgs/files/cntnts/20230613103828538_ttiel,200,image/jpeg,107783,1200,545,valid,not_inspected,use_candidate,"HTTP 200 + JPEG 확인 + 107783B + 1200×545px. 시각 검수 미실시, URL·포맷 기술 확인만 완료."
busan-F-00321,박옥희할매집원조복국,https://www.visitbusan.net/uploadImgs/files/cntnts/20230613104626061_ttiel,200,image/jpeg,55808,1200,544,valid,not_inspected,use_candidate,"HTTP 200 + JPEG 확인 + 55808B + 1200×544px. 시각 검수 미실시, URL·포맷 기술 확인만 완료."
busan-F-00322,배종관동래삼계탕,https://www.visitbusan.net/uploadImgs/files/cntnts/20240417101857747,200,image/jpeg,524062,1200,800,valid,not_inspected,use_candidate,"HTTP 200 + JPEG 확인 + 524062B + 1200×800px. 시각 검수 미실시, URL·포맷 기술 확인만 완료."
busan-F-00323,백구당,https://www.visitbusan.net/uploadImgs/files/cntnts/20230613105612900_ttiel,200,image/jpeg,102579,1200,545,valid,not_inspected,use_candidate,"HTTP 200 + JPEG 확인 + 102579B + 1200×545px. 시각 검수 미실시, URL·포맷 기술 확인만 완료."
busan-F-00324,부산명물횟집,https://www.visitbusan.net/uploadImgs/files/cntnts/20230613131233567_ttiel,200,text/html,2236,,,invalid_image,not_inspected,replace_image,매직 바이트 비이미지: 0a0a3c21 (JPEG/PNG 아님). content-type: text/html
busan-F-00325,비엔씨,https://www.visitbusan.net/uploadImgs/files/cntnts/20230613132128202_ttiel,200,image/jpeg,75435,1200,545,valid,not_inspected,use_candidate,"HTTP 200 + JPEG 확인 + 75435B + 1200×545px. 시각 검수 미실시, URL·포맷 기술 확인만 완료."
busan-F-00327,서울깍두기,https://www.visitbusan.net/uploadImgs/files/cntnts/20230613132725801_ttiel,200,image/png,1506205,1200,545,valid,not_inspected,use_candidate,"HTTP 200 + PNG 확인 + 1506205B + 1200×545px. 시각 검수 미실시, URL·포맷 기술 확인만 완료."
busan-F-00329,신발원,https://www.visitbusan.net/uploadImgs/files/cntnts/20230613133243687_ttiel,200,image/jpeg,125462,1200,545,valid,not_inspected,use_candidate,"HTTP 200 + JPEG 확인 + 125462B + 1200×545px. 시각 검수 미실시, URL·포맷 기술 확인만 완료."
busan-F-00330,신창국밥,https://www.visitbusan.net/uploadImgs/files/cntnts/20230613133632663_ttiel,200,image/jpeg,91429,1200,545,valid,not_inspected,use_candidate,"HTTP 200 + JPEG 확인 + 91429B + 1200×545px. 시각 검수 미실시, URL·포맷 기술 확인만 완료."
busan-F-00331,신흥관,https://www.visitbusan.net/uploadImgs/files/cntnts/20230613134515049_ttiel,200,image/jpeg,123874,1200,545,valid,not_inspected,use_candidate,"HTTP 200 + JPEG 확인 + 123874B + 1200×545px. 시각 검수 미실시, URL·포맷 기술 확인만 완료."
busan-F-00332,옛날오막집,https://www.visitbusan.net/uploadImgs/files/cntnts/20230613135150498_ttiel,200,image/jpeg,129775,1200,545,valid,not_inspected,use_candidate,"HTTP 200 + JPEG 확인 + 129775B + 1200×545px. 시각 검수 미실시, URL·포맷 기술 확인만 완료."
busan-F-00334,초원복국,https://www.visitbusan.net/uploadImgs/files/cntnts/20230613135851405_ttiel,200,image/jpeg,61959,1200,545,valid,not_inspected,use_candidate,"HTTP 200 + JPEG 확인 + 61959B + 1200×545px. 시각 검수 미실시, URL·포맷 기술 확인만 완료."
busan-F-00335,평산옥,https://www.visitbusan.net/uploadImgs/files/cntnts/20230613144231653_ttiel,200,image/jpeg,94819,1200,545,valid,not_inspected,use_candidate,"HTTP 200 + JPEG 확인 + 94819B + 1200×545px. 시각 검수 미실시, URL·포맷 기술 확인만 완료."
busan-F-00337,해운대소문난암소갈비집,https://www.visitbusan.net/uploadImgs/files/cntnts/20230613165118483_ttiel,200,image/jpeg,85708,1200,545,valid,not_inspected,use_candidate,"HTTP 200 + JPEG 확인 + 85708B + 1200×545px. 시각 검수 미실시, URL·포맷 기술 확인만 완료."
busan-F-00339,머그디저트랩,https://www.visitbusan.net/uploadImgs/files/cntnts/20230613165701228_ttiel,200,image/jpeg,62601,1200,545,valid,not_inspected,use_candidate,"HTTP 200 + JPEG 확인 + 62601B + 1200×545px. 시각 검수 미실시, URL·포맷 기술 확인만 완료."
busan-F-00340,무슈뱅상,https://www.visitbusan.net/uploadImgs/files/cntnts/20240418112726853,200,image/jpeg,1545969,1200,1800,valid,not_inspected,use_candidate,"HTTP 200 + JPEG 확인 + 1545969B + 1200×1800px. 시각 검수 미실시, URL·포맷 기술 확인만 완료."
busan-F-00343,브리앙,https://www.visitbusan.net/uploadImgs/files/cntnts/20230613171951255_ttiel,200,image/jpeg,82264,1200,545,valid,not_inspected,use_candidate,"HTTP 200 + JPEG 확인 + 82264B + 1200×545px. 시각 검수 미실시, URL·포맷 기술 확인만 완료."
busan-F-00345,모모스커피,https://www.visitbusan.net/uploadImgs/files/cntnts/20230613173346368_ttiel,200,image/jpeg,56598,1200,545,valid,not_inspected,use_candidate,"HTTP 200 + JPEG 확인 + 56598B + 1200×545px. 시각 검수 미실시, URL·포맷 기술 확인만 완료."
busan-F-00346,베르크로스터스,https://www.visitbusan.net/uploadImgs/files/cntnts/20230613174142673_ttiel,200,image/jpeg,40724,1200,545,valid,not_inspected,use_candidate,"HTTP 200 + JPEG 확인 + 40724B + 1200×545px. 시각 검수 미실시, URL·포맷 기술 확인만 완료."
busan-F-00347,블랙업커피,https://www.visitbusan.net/uploadImgs/files/cntnts/20230613174426706_ttiel,200,image/jpeg,61053,1200,545,valid,not_inspected,use_candidate,"HTTP 200 + JPEG 확인 + 61053B + 1200×545px. 시각 검수 미실시, URL·포맷 기술 확인만 완료."
busan-F-00348,히떼로스터리,https://www.visitbusan.net/uploadImgs/files/cntnts/20230613175240521_ttiel,200,image/jpeg,90439,1200,545,valid,not_inspected,use_candidate,"HTTP 200 + JPEG 확인 + 90439B + 1200×545px. 시각 검수 미실시, URL·포맷 기술 확인만 완료."
busan-F-00351,토북베이커리,https://www.visitbusan.net/uploadImgs/files/cntnts/20240415173022243_ttiel,200,image/jpeg,61280,1200,545,valid,not_inspected,use_candidate,"HTTP 200 + JPEG 확인 + 61280B + 1200×545px. 시각 검수 미실시, URL·포맷 기술 확인만 완료."
busan-F-00352,카페호밀,https://www.visitbusan.net/uploadImgs/files/cntnts/20240416104638891_ttiel,200,image/jpeg,111688,1200,545,valid,not_inspected,use_candidate,"HTTP 200 + JPEG 확인 + 111688B + 1200×545px. 시각 검수 미실시, URL·포맷 기술 확인만 완료."
busan-F-00353,고향연화,https://www.visitbusan.net/uploadImgs/files/cntnts/20240416105926870_ttiel,200,image/jpeg,80445,1200,545,valid,not_inspected,use_candidate,"HTTP 200 + JPEG 확인 + 80445B + 1200×545px. 시각 검수 미실시, URL·포맷 기술 확인만 완료."
busan-F-00354,대성칼치찌개구이,https://www.visitbusan.net/uploadImgs/files/cntnts/20240416111045673_ttiel,200,image/jpeg,118715,1200,545,valid,not_inspected,use_candidate,"HTTP 200 + JPEG 확인 + 118715B + 1200×545px. 시각 검수 미실시, URL·포맷 기술 확인만 완료."
busan-F-00355,무진장횟집 기장점,https://www.visitbusan.net/uploadImgs/files/cntnts/20240416111916488_ttiel,200,image/jpeg,91269,1200,545,valid,not_inspected,use_candidate,"HTTP 200 + JPEG 확인 + 91269B + 1200×545px. 시각 검수 미실시, URL·포맷 기술 확인만 완료."
busan-F-00356,올바릇식당 본점,https://www.visitbusan.net/uploadImgs/files/cntnts/20240416142348310_ttiel,200,image/jpeg,74820,1200,545,valid,not_inspected,use_candidate,"HTTP 200 + JPEG 확인 + 74820B + 1200×545px. 시각 검수 미실시, URL·포맷 기술 확인만 완료."
busan-F-00357,알천순대곱창전골전문점,https://www.visitbusan.net/uploadImgs/files/cntnts/20240416152751004_ttiel,200,image/jpeg,94654,1200,545,valid,not_inspected,use_candidate,"HTTP 200 + JPEG 확인 + 94654B + 1200×545px. 시각 검수 미실시, URL·포맷 기술 확인만 완료."
busan-F-00358,태화반점,https://www.visitbusan.net/uploadImgs/files/cntnts/20240416153901728_ttiel,200,image/jpeg,31868,1200,545,valid,not_inspected,use_candidate,"HTTP 200 + JPEG 확인 + 31868B + 1200×545px. 시각 검수 미실시, URL·포맷 기술 확인만 완료."
busan-F-00359,팔레트,https://www.visitbusan.net/uploadImgs/files/cntnts/20240416154834100_ttiel,200,image/jpeg,41259,1200,545,valid,not_inspected,use_candidate,"HTTP 200 + JPEG 확인 + 41259B + 1200×545px. 시각 검수 미실시, URL·포맷 기술 확인만 완료."
busan-F-00360,공담 파스타,https://www.visitbusan.net/uploadImgs/files/cntnts/20240417091749698_ttiel,200,image/jpeg,61287,1200,545,valid,not_inspected,use_candidate,"HTTP 200 + JPEG 확인 + 61287B + 1200×545px. 시각 검수 미실시, URL·포맷 기술 확인만 완료."
busan-F-00361,배종관동래삼계탕,https://www.visitbusan.net/uploadImgs/files/cntnts/20240417101857747_ttiel,200,image/jpeg,69633,1200,545,valid,not_inspected,use_candidate,"HTTP 200 + JPEG 확인 + 69633B + 1200×545px. 시각 검수 미실시, URL·포맷 기술 확인만 완료."
busan-F-00362,신가네 호떡 김밥 떡볶이,https://www.visitbusan.net/uploadImgs/files/cntnts/20240417103903563_ttiel,200,image/jpeg,87855,1200,545,valid,not_inspected,use_candidate,"HTTP 200 + JPEG 확인 + 87855B + 1200×545px. 시각 검수 미실시, URL·포맷 기술 확인만 완료."
busan-F-00363,칙투칙,https://www.visitbusan.net/uploadImgs/files/cntnts/20240417110222327_ttiel,200,image/jpeg,98751,1200,545,valid,not_inspected,use_candidate,"HTTP 200 + JPEG 확인 + 98751B + 1200×545px. 시각 검수 미실시, URL·포맷 기술 확인만 완료."
busan-F-00364,프랑스 과자점  브리앙,https://www.visitbusan.net/uploadImgs/files/cntnts/20240417113010113_ttiel,200,image/jpeg,92127,1200,545,valid,not_inspected,use_candidate,"HTTP 200 + JPEG 확인 + 92127B + 1200×545px. 시각 검수 미실시, URL·포맷 기술 확인만 완료."
busan-F-00365,기장손칼국수,https://www.visitbusan.net/uploadImgs/files/cntnts/20240417130710913_ttiel,200,image/jpeg,49649,1200,545,valid,not_inspected,use_candidate,"HTTP 200 + JPEG 확인 + 49649B + 1200×545px. 시각 검수 미실시, URL·포맷 기술 확인만 완료."
busan-F-00366,두번째 늘해랑,https://www.visitbusan.net/uploadImgs/files/cntnts/20240417134039028_ttiel,200,image/jpeg,58184,1200,545,valid,not_inspected,use_candidate,"HTTP 200 + JPEG 확인 + 58184B + 1200×545px. 시각 검수 미실시, URL·포맷 기술 확인만 완료."
busan-F-00367,베르크로스터스,https://www.visitbusan.net/uploadImgs/files/cntnts/20240417134640835_ttiel,200,image/jpeg,29474,1200,545,valid,not_inspected,use_candidate,"HTTP 200 + JPEG 확인 + 29474B + 1200×545px. 시각 검수 미실시, URL·포맷 기술 확인만 완료."
busan-F-00368,코르 파스타 바,https://www.visitbusan.net/uploadImgs/files/cntnts/20240417145812364_ttiel,200,image/jpeg,95394,1200,545,valid,not_inspected,use_candidate,"HTTP 200 + JPEG 확인 + 95394B + 1200×545px. 시각 검수 미실시, URL·포맷 기술 확인만 완료."
busan-F-00369,곰보식당,https://www.visitbusan.net/uploadImgs/files/cntnts/20240417160043995_ttiel,200,image/jpeg,114875,1200,545,valid,not_inspected,use_candidate,"HTTP 200 + JPEG 확인 + 114875B + 1200×545px. 시각 검수 미실시, URL·포맷 기술 확인만 완료."
busan-F-00370,611WoodFire,https://www.visitbusan.net/uploadImgs/files/cntnts/20240418091923719_ttiel,200,image/jpeg,48591,1200,545,valid,not_inspected,use_candidate,"HTTP 200 + JPEG 확인 + 48591B + 1200×545px. 시각 검수 미실시, URL·포맷 기술 확인만 완료."
busan-F-00371,골목포차,https://www.visitbusan.net/uploadImgs/files/cntnts/20240418095202742_ttiel,200,image/jpeg,128629,1200,545,valid,not_inspected,use_candidate,"HTTP 200 + JPEG 확인 + 128629B + 1200×545px. 시각 검수 미실시, URL·포맷 기술 확인만 완료."
busan-F-00372,뉼리 광안리점,https://www.visitbusan.net/uploadImgs/files/cntnts/20240418103340192_ttiel,200,image/jpeg,63041,1200,545,valid,not_inspected,use_candidate,"HTTP 200 + JPEG 확인 + 63041B + 1200×545px. 시각 검수 미실시, URL·포맷 기술 확인만 완료."
busan-F-00373,다이도코로 광안리본점,https://www.visitbusan.net/uploadImgs/files/cntnts/20240418110041026_ttiel,200,image/jpeg,93190,1200,545,valid,not_inspected,use_candidate,"HTTP 200 + JPEG 확인 + 93190B + 1200×545px. 시각 검수 미실시, URL·포맷 기술 확인만 완료."
busan-F-00374,더스모코,https://www.visitbusan.net/uploadImgs/files/cntnts/20240418110738039_ttiel,200,image/jpeg,42710,1200,545,valid,not_inspected,use_candidate,"HTTP 200 + JPEG 확인 + 42710B + 1200×545px. 시각 검수 미실시, URL·포맷 기술 확인만 완료."
busan-F-00375,램지,https://www.visitbusan.net/uploadImgs/files/cntnts/20250529125315121_ttiel,200,image/jpeg,68105,1200,544,valid,not_inspected,use_candidate,"HTTP 200 + JPEG 확인 + 68105B + 1200×544px. 시각 검수 미실시, URL·포맷 기술 확인만 완료."
busan-F-00376,무슈뱅상,https://www.visitbusan.net/uploadImgs/files/cntnts/20240418112726853_ttiel,200,image/jpeg,102342,1200,545,valid,not_inspected,use_candidate,"HTTP 200 + JPEG 확인 + 102342B + 1200×545px. 시각 검수 미실시, URL·포맷 기술 확인만 완료."
busan-F-00377,샤브남바완,https://www.visitbusan.net/uploadImgs/files/cntnts/20240418113753614_ttiel,200,image/jpeg,123828,1200,545,valid,not_inspected,use_candidate,"HTTP 200 + JPEG 확인 + 123828B + 1200×545px. 시각 검수 미실시, URL·포맷 기술 확인만 완료."
busan-F-00378,아웃트로 바이 비토,https://www.visitbusan.net/uploadImgs/files/cntnts/20240418114912249_ttiel,200,image/jpeg,39660,1200,545,valid,not_inspected,use_candidate,"HTTP 200 + JPEG 확인 + 39660B + 1200×545px. 시각 검수 미실시, URL·포맷 기술 확인만 완료."
busan-F-00379,제로베이스,https://www.visitbusan.net/uploadImgs/files/cntnts/20240418130407601_ttiel,200,image/jpeg,35228,1200,545,valid,not_inspected,use_candidate,"HTTP 200 + JPEG 확인 + 35228B + 1200×545px. 시각 검수 미실시, URL·포맷 기술 확인만 완료."
busan-F-00380,고등어다찌  연산본점,https://www.visitbusan.net/uploadImgs/files/cntnts/20240418132720308_ttiel,200,image/jpeg,101501,1200,544,valid,not_inspected,use_candidate,"HTTP 200 + JPEG 확인 + 101501B + 1200×544px. 시각 검수 미실시, URL·포맷 기술 확인만 완료."
busan-F-00381,재기돼지국밥,https://www.visitbusan.net/uploadImgs/files/cntnts/20240418143354206_ttiel,200,image/jpeg,74579,1200,545,valid,not_inspected,use_candidate,"HTTP 200 + JPEG 확인 + 74579B + 1200×545px. 시각 검수 미실시, URL·포맷 기술 확인만 완료."
busan-F-00382,그리다부부,https://www.visitbusan.net/uploadImgs/files/cntnts/20240419090634454_ttiel,200,image/jpeg,100663,1200,545,valid,not_inspected,use_candidate,"HTTP 200 + JPEG 확인 + 100663B + 1200×545px. 시각 검수 미실시, URL·포맷 기술 확인만 완료."
busan-F-00383,동화반점,https://www.visitbusan.net/uploadImgs/files/cntnts/20240419093503992_ttiel,200,image/jpeg,74201,1200,545,valid,not_inspected,use_candidate,"HTTP 200 + JPEG 확인 + 74201B + 1200×545px. 시각 검수 미실시, URL·포맷 기술 확인만 완료."
busan-F-00384,연경재,https://www.visitbusan.net/uploadImgs/files/cntnts/20240419110121584_ttiel,200,image/jpeg,68721,1200,545,valid,not_inspected,use_candidate,"HTTP 200 + JPEG 확인 + 68721B + 1200×545px. 시각 검수 미실시, URL·포맷 기술 확인만 완료."
busan-F-00385,김정연분식 면옥향천,https://www.visitbusan.net/uploadImgs/files/cntnts/20240419131021388_ttiel,200,image/jpeg,121354,1200,545,valid,not_inspected,use_candidate,"HTTP 200 + JPEG 확인 + 121354B + 1200×545px. 시각 검수 미실시, URL·포맷 기술 확인만 완료."
busan-F-00386,랩24 바이 쿠무다,https://www.visitbusan.net/uploadImgs/files/cntnts/20240419135409622_ttiel,200,image/jpeg,24715,1200,545,valid,not_inspected,use_candidate,"HTTP 200 + JPEG 확인 + 24715B + 1200×545px. 시각 검수 미실시, URL·포맷 기술 확인만 완료."
busan-F-00387,르도헤,https://www.visitbusan.net/uploadImgs/files/cntnts/20240419135826203_ttiel,200,image/jpeg,82652,1200,545,valid,not_inspected,use_candidate,"HTTP 200 + JPEG 확인 + 82652B + 1200×545px. 시각 검수 미실시, URL·포맷 기술 확인만 완료."
busan-F-00388,모리,https://www.visitbusan.net/uploadImgs/files/cntnts/20240419140242960_ttiel,200,image/jpeg,110230,1200,545,valid,not_inspected,use_candidate,"HTTP 200 + JPEG 확인 + 110230B + 1200×545px. 시각 검수 미실시, URL·포맷 기술 확인만 완료."
busan-F-00389,비비비당,https://www.visitbusan.net/uploadImgs/files/cntnts/20240419155611699_ttiel,200,image/jpeg,98770,1200,545,valid,not_inspected,use_candidate,"HTTP 200 + JPEG 확인 + 98770B + 1200×545px. 시각 검수 미실시, URL·포맷 기술 확인만 완료."
busan-F-00390,소공간,https://www.visitbusan.net/uploadImgs/files/cntnts/20240419164740169_ttiel,200,image/jpeg,82791,1200,545,valid,not_inspected,use_candidate,"HTTP 200 + JPEG 확인 + 82791B + 1200×545px. 시각 검수 미실시, URL·포맷 기술 확인만 완료."
busan-F-00391,쇼진,https://www.visitbusan.net/uploadImgs/files/cntnts/20240419165347836_ttiel,200,image/jpeg,57354,1200,545,valid,not_inspected,use_candidate,"HTTP 200 + JPEG 확인 + 57354B + 1200×545px. 시각 검수 미실시, URL·포맷 기술 확인만 완료."
busan-F-00392,우봉 샤브 청사포점,https://www.visitbusan.net/uploadImgs/files/cntnts/20240419175312314_ttiel,200,image/jpeg,96414,1200,545,valid,not_inspected,use_candidate,"HTTP 200 + JPEG 확인 + 96414B + 1200×545px. 시각 검수 미실시, URL·포맷 기술 확인만 완료."
busan-F-00393,초필살돼지구이 해운대 본점,https://www.visitbusan.net/uploadImgs/files/cntnts/20240422093323560_ttiel,200,image/jpeg,112586,1200,545,valid,not_inspected,use_candidate,"HTTP 200 + JPEG 확인 + 112586B + 1200×545px. 시각 검수 미실시, URL·포맷 기술 확인만 완료."
busan-F-00394,하레마,https://www.visitbusan.net/uploadImgs/files/cntnts/20240422100016453_ttiel,200,image/jpeg,50828,1200,545,valid,not_inspected,use_candidate,"HTTP 200 + JPEG 확인 + 50828B + 1200×545px. 시각 검수 미실시, URL·포맷 기술 확인만 완료."
busan-F-00395,백가백반,https://www.visitbusan.net/uploadImgs/files/cntnts/20250408092958955_ttiel,200,image/jpeg,137830,1200,545,valid,not_inspected,use_candidate,"HTTP 200 + JPEG 확인 + 137830B + 1200×545px. 시각 검수 미실시, URL·포맷 기술 확인만 완료."
busan-F-00396,밀양갈비,https://www.visitbusan.net/uploadImgs/files/cntnts/20250408093648041_ttiel,200,image/jpeg,106309,1200,545,valid,not_inspected,use_candidate,"HTTP 200 + JPEG 확인 + 106309B + 1200×545px. 시각 검수 미실시, URL·포맷 기술 확인만 완료."
busan-F-00397,가야포차선지국밥 본점,https://www.visitbusan.net/uploadImgs/files/cntnts/20250408094027003_ttiel,200,image/jpeg,110373,1200,544,valid,not_inspected,use_candidate,"HTTP 200 + JPEG 확인 + 110373B + 1200×544px. 시각 검수 미실시, URL·포맷 기술 확인만 완료."
busan-F-00398,30년전통가마솥석쇠돼지갈비,https://www.visitbusan.net/uploadImgs/files/cntnts/20250408094429754_ttiel,200,image/jpeg,112257,1200,544,valid,not_inspected,use_candidate,"HTTP 200 + JPEG 확인 + 112257B + 1200×544px. 시각 검수 미실시, URL·포맷 기술 확인만 완료."
busan-F-00399,달타이,https://www.visitbusan.net/uploadImgs/files/cntnts/20250408095539103_ttiel,200,image/jpeg,123392,1200,544,valid,not_inspected,use_candidate,"HTTP 200 + JPEG 확인 + 123392B + 1200×544px. 시각 검수 미실시, URL·포맷 기술 확인만 완료."
busan-F-00400,란아한,https://www.visitbusan.net/uploadImgs/files/cntnts/20250408095705335_ttiel,200,image/jpeg,123838,1200,545,valid,not_inspected,use_candidate,"HTTP 200 + JPEG 확인 + 123838B + 1200×545px. 시각 검수 미실시, URL·포맷 기술 확인만 완료."
busan-F-00401,바오하우스,https://www.visitbusan.net/uploadImgs/files/cntnts/20250408095935004_ttiel,200,image/jpeg,87722,1200,544,valid,not_inspected,use_candidate,"HTTP 200 + JPEG 확인 + 87722B + 1200×544px. 시각 검수 미실시, URL·포맷 기술 확인만 완료."
busan-F-00402,롯데호텔 부산 블루헤이븐,https://www.visitbusan.net/uploadImgs/files/cntnts/20250408100151107_ttiel,200,image/jpeg,69859,1200,544,valid,not_inspected,use_candidate,"HTTP 200 + JPEG 확인 + 69859B + 1200×544px. 시각 검수 미실시, URL·포맷 기술 확인만 완료."
busan-F-00403,못난이식당 해운대점,https://www.visitbusan.net/uploadImgs/files/cntnts/20250408100308119_ttiel,200,image/jpeg,125639,1200,544,valid,not_inspected,use_candidate,"HTTP 200 + JPEG 확인 + 125639B + 1200×544px. 시각 검수 미실시, URL·포맷 기술 확인만 완료."
busan-F-00404,손내향미,https://www.visitbusan.net/uploadImgs/files/cntnts/20250408100525344_ttiel,200,image/jpeg,129705,1200,545,valid,not_inspected,use_candidate,"HTTP 200 + JPEG 확인 + 129705B + 1200×545px. 시각 검수 미실시, URL·포맷 기술 확인만 완료."
busan-F-00405,선창횟집,https://www.visitbusan.net/uploadImgs/files/cntnts/20250408102722301_ttiel,200,image/jpeg,103361,1200,545,valid,not_inspected,use_candidate,"HTTP 200 + JPEG 확인 + 103361B + 1200×545px. 시각 검수 미실시, URL·포맷 기술 확인만 완료."
busan-F-00406,수블,https://www.visitbusan.net/uploadImgs/files/cntnts/20250408103219387_ttiel,200,image/jpeg,109405,1200,545,valid,not_inspected,use_candidate,"HTTP 200 + JPEG 확인 + 109405B + 1200×545px. 시각 검수 미실시, URL·포맷 기술 확인만 완료."
busan-F-00407,스시시안,https://www.visitbusan.net/uploadImgs/files/cntnts/20250408103617676_ttiel,200,image/jpeg,85350,1200,544,valid,not_inspected,use_candidate,"HTTP 200 + JPEG 확인 + 85350B + 1200×544px. 시각 검수 미실시, URL·포맷 기술 확인만 완료."
busan-F-00408,쥬가,https://www.visitbusan.net/uploadImgs/files/cntnts/20250408104140736_ttiel,200,image/jpeg,100178,1200,544,valid,not_inspected,use_candidate,"HTTP 200 + JPEG 확인 + 100178B + 1200×544px. 시각 검수 미실시, URL·포맷 기술 확인만 완료."
busan-F-00409,쿠지라멘,https://www.visitbusan.net/uploadImgs/files/cntnts/20250408104843726_ttiel,200,image/jpeg,90600,1200,544,valid,not_inspected,use_candidate,"HTTP 200 + JPEG 확인 + 90600B + 1200×544px. 시각 검수 미실시, URL·포맷 기술 확인만 완료."
busan-F-00410,팔레트,https://www.visitbusan.net/uploadImgs/files/cntnts/20250408111911870_ttiel,200,image/jpeg,56816,1200,545,valid,not_inspected,use_candidate,"HTTP 200 + JPEG 확인 + 56816B + 1200×545px. 시각 검수 미실시, URL·포맷 기술 확인만 완료."
busan-F-00411,1969부원동칼국수 부산본점,https://www.visitbusan.net/uploadImgs/files/cntnts/20250408112548429_ttiel,200,image/jpeg,95245,1200,545,valid,not_inspected,use_candidate,"HTTP 200 + JPEG 확인 + 95245B + 1200×545px. 시각 검수 미실시, URL·포맷 기술 확인만 완료."
busan-F-00412,고등어연구소 본점,https://www.visitbusan.net/uploadImgs/files/cntnts/20250408113257860_ttiel,200,image/jpeg,97205,1200,544,valid,not_inspected,use_candidate,"HTTP 200 + JPEG 확인 + 97205B + 1200×544px. 시각 검수 미실시, URL·포맷 기술 확인만 완료."
busan-F-00413,동삼정,https://www.visitbusan.net/uploadImgs/files/cntnts/20250408113919836_ttiel,200,image/jpeg,92395,1200,544,valid,not_inspected,use_candidate,"HTTP 200 + JPEG 확인 + 92395B + 1200×544px. 시각 검수 미실시, URL·포맷 기술 확인만 완료."
busan-F-00414,유원,https://www.visitbusan.net/uploadImgs/files/cntnts/20250408114718754_ttiel,200,image/jpeg,97957,1200,545,valid,not_inspected,use_candidate,"HTTP 200 + JPEG 확인 + 97957B + 1200×545px. 시각 검수 미실시, URL·포맷 기술 확인만 완료."
busan-F-00415,야스마루 닌니쿠,https://www.visitbusan.net/uploadImgs/files/cntnts/20250408114844827_ttiel,200,image/jpeg,124595,1200,545,valid,not_inspected,use_candidate,"HTTP 200 + JPEG 확인 + 124595B + 1200×545px. 시각 검수 미실시, URL·포맷 기술 확인만 완료."
busan-F-00416,지즈,https://www.visitbusan.net/uploadImgs/files/cntnts/20250408115051503_ttiel,200,image/jpeg,90681,1200,545,valid,not_inspected,use_candidate,"HTTP 200 + JPEG 확인 + 90681B + 1200×545px. 시각 검수 미실시, URL·포맷 기술 확인만 완료."
busan-F-00417,순사이쿠보,https://www.visitbusan.net/uploadImgs/files/cntnts/20250408115525042_ttiel,200,image/jpeg,98010,1200,545,valid,not_inspected,use_candidate,"HTTP 200 + JPEG 확인 + 98010B + 1200×545px. 시각 검수 미실시, URL·포맷 기술 확인만 완료."
busan-F-00418,델리봉,https://www.visitbusan.net/uploadImgs/files/cntnts/20250408122426619_ttiel,200,image/jpeg,54188,1200,545,valid,not_inspected,use_candidate,"HTTP 200 + JPEG 확인 + 54188B + 1200×545px. 시각 검수 미실시, URL·포맷 기술 확인만 완료."
busan-F-00419,보느파티쓰리,https://www.visitbusan.net/uploadImgs/files/cntnts/20250408123831370_ttiel,200,image/jpeg,88916,1200,545,valid,not_inspected,use_candidate,"HTTP 200 + JPEG 확인 + 88916B + 1200×545px. 시각 검수 미실시, URL·포맷 기술 확인만 완료."
busan-F-00420,남천면가,https://www.visitbusan.net/uploadImgs/files/cntnts/20250408131231343_ttiel,200,image/jpeg,116607,1200,544,valid,not_inspected,use_candidate,"HTTP 200 + JPEG 확인 + 116607B + 1200×544px. 시각 검수 미실시, URL·포맷 기술 확인만 완료."
busan-F-00421,닭발의 지존,https://www.visitbusan.net/uploadImgs/files/cntnts/20250408131658485_ttiel,200,image/jpeg,102602,1200,544,valid,not_inspected,use_candidate,"HTTP 200 + JPEG 확인 + 102602B + 1200×544px. 시각 검수 미실시, URL·포맷 기술 확인만 완료."
busan-F-00422,데일리럭키,https://www.visitbusan.net/uploadImgs/files/cntnts/20250408132244401_ttiel,200,image/jpeg,97057,1200,545,valid,not_inspected,use_candidate,"HTTP 200 + JPEG 확인 + 97057B + 1200×545px. 시각 검수 미실시, URL·포맷 기술 확인만 완료."
busan-F-00423,백일평냉,https://www.visitbusan.net/uploadImgs/files/cntnts/20250408132935773_ttiel,200,image/jpeg,82818,1200,544,valid,not_inspected,use_candidate,"HTTP 200 + JPEG 확인 + 82818B + 1200×544px. 시각 검수 미실시, URL·포맷 기술 확인만 완료."
busan-F-00424,아펙트,https://www.visitbusan.net/uploadImgs/files/cntnts/20250408133516752_ttiel,200,image/jpeg,90144,1200,545,valid,not_inspected,use_candidate,"HTTP 200 + JPEG 확인 + 90144B + 1200×545px. 시각 검수 미실시, URL·포맷 기술 확인만 완료."
busan-F-00425,야키토리 백탄,https://www.visitbusan.net/uploadImgs/files/cntnts/20250408134146562_ttiel,200,image/jpeg,100694,1200,545,valid,not_inspected,use_candidate,"HTTP 200 + JPEG 확인 + 100694B + 1200×545px. 시각 검수 미실시, URL·포맷 기술 확인만 완료."
busan-F-00426,야키토리 해공,https://www.visitbusan.net/uploadImgs/files/cntnts/20250408135037039_ttiel,200,image/jpeg,87532,1200,544,valid,not_inspected,use_candidate,"HTTP 200 + JPEG 확인 + 87532B + 1200×544px. 시각 검수 미실시, URL·포맷 기술 확인만 완료."
busan-F-00427,우리포차,https://www.visitbusan.net/uploadImgs/files/cntnts/20250408135630428_ttiel,200,image/jpeg,137321,1200,545,valid,not_inspected,use_candidate,"HTTP 200 + JPEG 확인 + 137321B + 1200×545px. 시각 검수 미실시, URL·포맷 기술 확인만 완료."
busan-F-00428,으뜸이로리바타,https://www.visitbusan.net/uploadImgs/files/cntnts/20250408140215924_ttiel,200,image/jpeg,94632,1200,545,valid,not_inspected,use_candidate,"HTTP 200 + JPEG 확인 + 94632B + 1200×545px. 시각 검수 미실시, URL·포맷 기술 확인만 완료."
busan-F-00429,자매국밥,https://www.visitbusan.net/uploadImgs/files/cntnts/20250408142939682_ttiel,200,image/jpeg,99511,1200,544,valid,not_inspected,use_candidate,"HTTP 200 + JPEG 확인 + 99511B + 1200×544px. 시각 검수 미실시, URL·포맷 기술 확인만 완료."
busan-F-00430,조이풀조이풀(골드핀치by조이풀조이풀),https://www.visitbusan.net/uploadImgs/files/cntnts/20250408143450330_ttiel,200,image/jpeg,74935,1200,544,valid,not_inspected,use_candidate,"HTTP 200 + JPEG 확인 + 74935B + 1200×544px. 시각 검수 미실시, URL·포맷 기술 확인만 완료."
busan-F-00431,청산1954,https://www.visitbusan.net/uploadImgs/files/cntnts/20250408144017778_ttiel,200,image/jpeg,134264,1200,545,valid,not_inspected,use_candidate,"HTTP 200 + JPEG 확인 + 134264B + 1200×545px. 시각 검수 미실시, URL·포맷 기술 확인만 완료."
busan-F-00432,해운대암소갈비집,https://www.visitbusan.net/uploadImgs/files/cntnts/20250507154200232_ttiel,200,image/jpeg,101405,1200,545,valid,not_inspected,use_candidate,"HTTP 200 + JPEG 확인 + 101405B + 1200×545px. 시각 검수 미실시, URL·포맷 기술 확인만 완료."
busan-F-00433,연화제과,https://www.visitbusan.net/uploadImgs/files/cntnts/20250507155421924_ttiel,200,image/jpeg,57836,1200,545,valid,not_inspected,use_candidate,"HTTP 200 + JPEG 확인 + 57836B + 1200×545px. 시각 검수 미실시, URL·포맷 기술 확인만 완료."
busan-F-00434,대성갈치찌개구이,https://www.visitbusan.net/uploadImgs/files/cntnts/20250516132502489_ttiel,200,image/jpeg,117348,1200,545,valid,not_inspected,use_candidate,"HTTP 200 + JPEG 확인 + 117348B + 1200×545px. 시각 검수 미실시, URL·포맷 기술 확인만 완료."
busan-F-00435,고기형,https://www.visitbusan.net/uploadImgs/files/cntnts/20250516162239090_ttiel,200,image/jpeg,91512,1200,544,valid,not_inspected,use_candidate,"HTTP 200 + JPEG 확인 + 91512B + 1200×544px. 시각 검수 미실시, URL·포맷 기술 확인만 완료."
busan-F-00436,우봉샤브,https://www.visitbusan.net/uploadImgs/files/cntnts/20250522162933740_ttiel,200,image/jpeg,94147,1200,545,valid,not_inspected,use_candidate,"HTTP 200 + JPEG 확인 + 94147B + 1200×545px. 시각 검수 미실시, URL·포맷 기술 확인만 완료."
busan-F-00437,히떼로스터리 전포점,https://www.visitbusan.net/uploadImgs/files/cntnts/20250523164409148_ttiel,200,image/jpeg,49624,1200,545,valid,not_inspected,use_candidate,"HTTP 200 + JPEG 확인 + 49624B + 1200×545px. 시각 검수 미실시, URL·포맷 기술 확인만 완료."